Passenger_ID,Age,Gender,Nationality,Travel_Purpose,Flight_Number,Airline_Name,Class,Flight_Distance,Departure_City,Arrival_City,Departure_Delay,Arrival_Delay,Flight_Duration,Flight_Route_Type,Seat_Comfort,InFlight_Entertainment,Food_Quality,Cleanliness,Cabin_Staff_Service,Legroom,Baggage_Handling,CheckIn_Service,Boarding_Process,WiFi_Service,Festival_Season_Travel,Overall_Satisfaction,Recommendation,Complaint_Submitted,Complaint_Type,Feedback_Comments,Seat_Type,Loyalty_Membership,Frequent_Flyer,Baggage_Lost,Compensation_Received,Booking_Channel,Seat_Upgrade,Special_Assistance,Refund_Requested,Discount_Received,Preferred_Airline,Frequent_Route,Payment_Method,Airline_Loyalty_Program
1,,Other,Indien,Leisure,165,TruJet,Business,,Pune,Kolkata,95.0,39.0,,Domestic,Poor,Poor,6,Good,10,4,6,10,,2,No,Neutral,,No,,,,Gold,No,Yes,Yes,Travel Agency,No,No,No,No,No,None,UPI,SpiceClub
2,-5.0,Female,,Business,AI741,AirAsia India,Economy,-50.0,Bangalore,Bangalore,151.0,105.0,,International,3,,,Good,Good,10,,6,0,,Yes,Happy,Yes,N/A,Unhygienic Toilets,Terrible experience.,Window,Silver,,No,,Mobile App,No,Yes,Yes,Yes,No,Pune - Delhi,Credit Card,IndiGo 6E Rewards
3,55.0,Other,Indien,Leisure,,Vistara,Business,-50.0,Chennai,Pune,-10.0,2000.0,11.010280724863563,International,Good,Poor,5,0,0,,6,0,2,,No,Satisfied,,Yes,Turbulence,Bad,Middle,None,Yes,No,,Online,No,Yes,Pending,No,Sometimes,Pune - Delhi,Net Banking,Flying Returns (Air India)
4,,Female,Ind,Vacation,229,SpiceJet,Economy,-50.0,Bhubaneswar,Bangalore,69.0,54.0,30.0,International,Good,,4,0,5,,3,10,1,,No,Satisfied,Maybe,N/A,Turbulence,,Window,Gold,,No,No,Travel Agency,No,No,Pending,No,Yes,None,UPI,Flying Returns (Air India)
5,25.0,,Ind,Family,,SpiceJet,Business,100000.0,Lucknow,Bhubaneswar,-10.0,,,International,10,10,6,,6,10,6,Poor,,,No,Dissatisfied,Yes,,,,,None,,No,Yes,Airport Counter,,Yes,Yes,No,Yes,Bangalore - Hyderabad,Debit Card,Flying Returns (Air India)
6,62.0,,Indian,Other,328,TruJet,First Class,2738.0,Delhi,Ahmedabad,,63.0,-2.0,International,0,2,6,0,Poor,,6,,,,No,Satisfied,Maybe,N/A,Food,12345,Aisle,Silver,Yes,No,No,Online,Yes,Yes,No,Yes,Yes,Pune - Delhi,Credit Card,IndiGo 6E Rewards
7,-5.0,Unknown,Indien,,267,Air India,Economy,100000.0,Mumbai,Jaipur,1500.0,-5.0,30.0,International,10,10,6,3,Good,Poor,2,,6,0,Yes,Satisfied,No,,Broken Entertainment System,Food was cold.,Middle,Gold,,No,Yes,Online,No,No,Pending,No,Yes,Delhi - Mumbai,UPI,Club Vistara
8,150.0,Female,,,AI223,TruJet,First Class,2054.0,Pune,Bangalore,1500.0,-5.0,,Domestic,Poor,Poor,10,0,Poor,,6,0,0,3,No,Neutral,No,No,,WiFi was not working.,,Silver,,Yes,,Travel Agency,,Yes,Yes,Yes,Yes,Pune - Delhi,Credit Card,IndiGo 6E Rewards
9,-5.0,X,,Business,608,SpiceJet,Economy,,Bangalore,Pune,-10.0,79.0,30.0,Domestic,Good,Poor,0,10,Good,0,0,Good,Good,2,Yes,Happy,,Yes,Long Security Check,WiFi was not working.,Middle,Platinum,No,Yes,,Airport Counter,Yes,Yes,Yes,No,No,Delhi - Mumbai,Net Banking,Club Vistara
10,-5.0,Male,Ind,Leisure,AI778,GoAir,Business,100000.0,Bangalore,Bangalore,103.0,,30.0,International,Good,6,Poor,Poor,6,6,6,0,,5,Yes,Satisfied,No,Yes,Bad Experience,WiFi was not working.,,Silver,Yes,Yes,,Online,No,Yes,Yes,No,No,Bangalore - Hyderabad,UPI,Flying Returns (Air India)
11,-5.0,Unknown,Indian,Leisure,480,Akasa Air,First Class,100000.0,Kolkata,Kochi,,2000.0,10.786650025943057,Domestic,Good,2,10,Poor,Poor,2,0,0,Poor,,Yes,Satisfied,Yes,N/A,Turbulence,Loved the flight.,Aisle,None,No,No,Yes,Airport Counter,No,No,Pending,Yes,Yes,Bangalore - Hyderabad,Net Banking,None
12,-5.0,X,Indien,Family,AI420,Akasa Air,First Class,912.0,Pune,Hyderabad,-10.0,,-2.0,International,4,10,,Poor,6,Good,,5,10,0,No,,Maybe,,Unhygienic Toilets,12345,Middle,None,No,Yes,,Online,No,Yes,Pending,No,No,Pune - Delhi,Net Banking,Club Vistara
13,74.0,Female,Indien,Vacation,AI163,Vistara,Economy,604.0,Jaipur,Kochi,117.0,87.0,-2.0,International,Poor,10,5,0,3,,Good,10,0,4,No,Neutral,,Yes,Unhygienic Toilets,Loved the flight.,,Platinum,Yes,Yes,Yes,Online,Yes,No,Yes,No,Yes,Chennai - Kolkata,Debit Card,None
14,150.0,,Indian,Family,AI732,SpiceJet,Economy,-50.0,Kolkata,Lucknow,-10.0,145.0,,International,Poor,6,Good,6,Good,Good,5,6,4,0,Yes,Satisfied,No,Yes,Service,Loved the flight.,Middle,Silver,,No,No,Travel Agency,Yes,No,Pending,No,Yes,Chennai - Kolkata,Net Banking,Club Vistara
15,,Female,,Business,,Akasa Air,Economy,,Chennai,Chennai,1500.0,,-2.0,International,0,5,0,Poor,Good,10,,6,2,5,Yes,Neutral,No,No,Broken Entertainment System,Food was cold.,,None,No,Yes,,Airport Counter,,No,No,Yes,No,Delhi - Mumbai,Credit Card,SpiceClub
16,19.0,Female,Indian,Business,,TruJet,First Class,-50.0,Delhi,Guwahati,10.0,2000.0,,Domestic,4,Poor,,6,Poor,10,Poor,Good,Poor,Unavailable,No,Satisfied,Yes,,,Loved the flight.,Window,Platinum,No,Yes,Yes,Mobile App,,No,No,Yes,Yes,None,Cash at Airport,None
17,150.0,Unknown,Indien,Family,,SpiceJet,Economy,,Bhubaneswar,Jaipur,-10.0,2000.0,-2.0,International,5,0,Good,2,0,,10,0,5,,No,Satisfied,No,,Other,,,None,,No,Yes,Airport Counter,Yes,No,No,No,Yes,Delhi - Mumbai,Credit Card,None
18,73.0,Unknown,Indian,,AI262,Indigo,Economy,,Lucknow,Jaipur,53.0,-5.0,,Domestic,,6,1,Good,10,10,Poor,1,0,5,Yes,Happy,Maybe,N/A,,Food was cold.,,None,,Yes,No,Travel Agency,No,No,Pending,Yes,No,Bangalore - Hyderabad,Cash at Airport,IndiGo 6E Rewards
19,-5.0,Male,Indian,Other,,Indigo,First Class,100000.0,Jaipur,Mumbai,,-5.0,-2.0,Domestic,1,10,0,Poor,6,,10,0,0,,No,Neutral,Yes,N/A,Bad Experience,Loved the flight.,,Silver,,Yes,No,Airport Counter,No,Yes,No,Yes,Sometimes,None,UPI,Club Vistara
20,150.0,Male,Ind,Family,AI806,Akasa Air,First Class,-50.0,Mumbai,Pune,1500.0,2000.0,1.2847396160457292,Domestic,10,Poor,10,Good,,0,3,10,,,Yes,Dissatisfied,Yes,Yes,Service,WiFi was not working.,Middle,Silver,No,No,,Airport Counter,No,No,Pending,Yes,No,None,Debit Card,Flying Returns (Air India)
21,,X,,Leisure,336,Air India,Economy,920.0,Hyderabad,Pune,,,8.642263197748454,Domestic,6,5,10,Good,Poor,10,5,Poor,10,0,No,Dissatisfied,,N/A,Long Security Check,Terrible experience.,Window,Silver,Yes,No,,Travel Agency,,Yes,Yes,No,Yes,Bangalore - Hyderabad,Debit Card,Club Vistara
22,69.0,Other,,Other,,AirAsia India,First Class,100000.0,Chennai,Pune,,2000.0,5.108299229433234,Domestic,Poor,0,10,6,Good,,6,Good,6,,No,,Maybe,No,,Good,,Gold,Yes,No,No,Travel Agency,Yes,No,No,No,No,Bangalore - Hyderabad,Cash at Airport,Flying Returns (Air India)
23,19.0,Male,Indien,Family,644,Vistara,Business,-50.0,Kochi,Hyderabad,1500.0,2000.0,,International,5,0,10,10,0,10,Good,0,,3,No,Neutral,No,,Other,WiFi was not working.,,Gold,,Yes,,Online,No,Yes,Yes,Yes,Sometimes,None,Credit Card,Flying Returns (Air India)
24,74.0,Other,Indien,Other,528,GoAir,First Class,100000.0,Lucknow,Jaipur,,,30.0,International,,,10,6,0,4,10,,,0,No,Happy,,N/A,Delay,Bad,Window,Gold,Yes,Yes,No,Travel Agency,Yes,Yes,Yes,No,Yes,Bangalore - Hyderabad,Debit Card,IndiGo 6E Rewards
25,31.0,Male,,Leisure,,GoAir,First Class,100000.0,Kochi,Ahmedabad,1500.0,102.0,,Domestic,,10,Good,10,,2,10,Good,2,Unavailable,No,,Yes,No,Service,Food was cold.,Middle,Silver,,Yes,Yes,Online,Yes,No,Yes,Yes,Sometimes,None,UPI,Club Vistara
26,150.0,Unknown,Indian,Family,447,SpiceJet,First Class,-50.0,Bangalore,Delhi,-10.0,,,Domestic,Poor,Good,Poor,0,0,Good,Good,6,10,5,No,Dissatisfied,,No,,Terrible experience.,Aisle,Silver,Yes,Yes,No,Mobile App,No,Yes,Yes,Yes,Sometimes,None,Debit Card,SpiceClub
27,150.0,Female,Indien,,690,Air India,Business,-50.0,Kochi,Ahmedabad,-10.0,14.0,30.0,International,6,Poor,5,Good,Good,0,1,Poor,Good,1,No,Happy,No,No,Broken Entertainment System,Good,Middle,Gold,Yes,Yes,,Online,Yes,No,No,No,Sometimes,Delhi - Mumbai,Net Banking,IndiGo 6E Rewards
28,,Male,Indian,Other,248,Air India,Economy,2683.0,Bhubaneswar,Guwahati,-10.0,19.0,1.4872765036414597,Domestic,0,10,Good,,0,,Good,2,Poor,1,No,Neutral,No,,Delay,WiFi was not working.,,Silver,No,Yes,No,Airport Counter,No,Yes,Pending,Yes,No,Pune - Delhi,UPI,Club Vistara
29,150.0,Female,,Family,AI340,SpiceJet,Economy,-50.0,Bhubaneswar,Mumbai,,2000.0,,Domestic,Poor,0,10,10,Poor,Good,6,Poor,Good,1,Yes,Neutral,Yes,No,Turbulence,Terrible experience.,Aisle,None,Yes,No,,Mobile App,No,No,No,No,No,Bangalore - Hyderabad,Cash at Airport,None
30,150.0,Unknown,,Business,,AirAsia India,First Class,-50.0,Ahmedabad,Kolkata,1500.0,,,International,0,Poor,0,Good,10,Good,,,0,,No,Neutral,No,N/A,Other,Bad,Aisle,Silver,,No,No,Mobile App,,No,Pending,No,Yes,None,Net Banking,None
31,28.0,Other,Indian,Leisure,,AirAsia India,First Class,100000.0,Kochi,Guwahati,,18.0,30.0,Domestic,,5,10,Poor,Poor,Good,4,6,Poor,Unavailable,No,Happy,,N/A,Delay,Great service!,Window,Platinum,,Yes,,Airport Counter,No,Yes,Pending,Yes,Yes,Pune - Delhi,Credit Card,Flying Returns (Air India)
32,,Female,Indian,Vacation,AI537,Alliance Air,Economy,-50.0,Chennai,Pune,,2000.0,30.0,International,10,5,3,,Good,6,Poor,10,6,,No,Neutral,,No,Broken Entertainment System,Bad,,Gold,,Yes,Yes,Airport Counter,No,No,Pending,No,No,Bangalore - Hyderabad,Cash at Airport,SpiceClub
33,150.0,Male,,Family,,SpiceJet,First Class,,Ahmedabad,Bangalore,-10.0,68.0,,Domestic,10,0,10,10,Good,0,6,10,Poor,0,Yes,Dissatisfied,No,No,Long Security Check,Great service!,Middle,Platinum,Yes,Yes,,Airport Counter,No,Yes,Pending,No,Sometimes,Pune - Delhi,Credit Card,Flying Returns (Air India)
34,44.0,Unknown,Ind,Vacation,271,AirAsia India,First Class,-50.0,Jaipur,Delhi,-10.0,101.0,,Domestic,,3,10,6,2,6,6,Poor,Poor,Unavailable,No,Satisfied,Maybe,No,Other,,Window,Platinum,,Yes,,Mobile App,Yes,No,Pending,No,Sometimes,Chennai - Kolkata,UPI,SpiceClub
35,40.0,X,,Leisure,AI442,Vistara,First Class,100000.0,Jaipur,Delhi,-10.0,,30.0,International,6,5,Good,,10,,0,0,4,Unavailable,Yes,,,Yes,Bad Experience,,Window,Platinum,Yes,No,Yes,Mobile App,,No,Pending,Yes,No,Pune - Delhi,Debit Card,Club Vistara
36,-5.0,Male,,Business,AI764,SpiceJet,Economy,,Guwahati,Ahmedabad,41.0,2000.0,30.0,Domestic,Good,4,10,Poor,Poor,,Poor,Poor,0,,Yes,Neutral,No,,Broken Entertainment System,Terrible experience.,,Silver,No,Yes,,Mobile App,,No,Pending,Yes,Sometimes,Pune - Delhi,UPI,Club Vistara
37,70.0,Male,,Vacation,293,Vistara,First Class,,Ahmedabad,Jaipur,1500.0,-5.0,30.0,International,,10,6,10,10,0,Good,4,10,0,Yes,Dissatisfied,,No,Bad Experience,12345,Window,Silver,Yes,No,,Online,,Yes,Pending,Yes,No,Bangalore - Hyderabad,Debit Card,Flying Returns (Air India)
38,150.0,Male,,Leisure,AI757,Akasa Air,Business,1113.0,Kolkata,Chennai,141.0,-5.0,30.0,International,Good,Poor,0,Poor,4,Poor,6,10,Poor,0,No,Dissatisfied,,Yes,Broken Entertainment System,Bad,Middle,None,Yes,Yes,Yes,Airport Counter,No,No,No,No,Yes,Delhi - Mumbai,Net Banking,Flying Returns (Air India)
39,150.0,Other,Ind,Business,,Air India,First Class,100000.0,Kolkata,Chennai,,-5.0,30.0,Domestic,5,Poor,0,Poor,0,0,10,0,,,No,Neutral,Yes,,Long Security Check,Food was cold.,Window,Gold,Yes,Yes,Yes,Online,,Yes,No,Yes,Yes,Pune - Delhi,UPI,Club Vistara
40,150.0,,,Business,327,Akasa Air,Business,,Delhi,Lucknow,-10.0,,-2.0,International,Poor,6,1,,5,6,6,,10,3,No,,,No,Food,,Middle,None,,Yes,Yes,Travel Agency,,Yes,Pending,No,Yes,Bangalore - Hyderabad,Debit Card,IndiGo 6E Rewards
41,-5.0,Female,Indian,Business,AI602,TruJet,Economy,,Lucknow,Delhi,12.0,,7.4862772244244,Domestic,Good,6,10,10,10,Good,,0,Poor,0,Yes,Dissatisfied,,N/A,Broken Entertainment System,Food was cold.,,None,Yes,No,No,Travel Agency,Yes,No,No,Yes,Yes,Pune - Delhi,Cash at Airport,Flying Returns (Air India)
42,150.0,X,Indien,Other,AI754,Akasa Air,First Class,-50.0,Jaipur,Guwahati,27.0,2000.0,7.299181121501142,Domestic,10,6,6,6,Good,0,0,10,,1,Yes,Happy,Yes,Yes,Delay,WiFi was not working.,Middle,None,No,No,,Airport Counter,No,No,Pending,No,Yes,Delhi - Mumbai,Cash at Airport,SpiceClub
43,150.0,Female,,Family,AI694,TruJet,Economy,195.0,Mumbai,Pune,-10.0,,,International,10,Poor,2,0,10,Good,6,Poor,10,Unavailable,No,Dissatisfied,,No,Food,Terrible experience.,,None,No,Yes,,Airport Counter,No,No,Pending,No,Yes,Bangalore - Hyderabad,UPI,SpiceClub
44,150.0,Unknown,,Family,AI244,Indigo,Business,100000.0,Kochi,Ahmedabad,-10.0,-5.0,-2.0,International,Good,2,6,10,Good,5,5,6,6,0,No,Satisfied,,N/A,Unhygienic Toilets,Bad,Middle,Gold,Yes,No,Yes,Travel Agency,,Yes,Yes,Yes,Sometimes,Bangalore - Hyderabad,Debit Card,SpiceClub
45,37.0,Female,Indian,Family,,Indigo,Business,,Ahmedabad,Guwahati,-10.0,-5.0,,International,1,Good,,10,0,0,6,10,0,0,No,,Yes,Yes,Delay,Loved the flight.,Middle,Platinum,No,No,,Airport Counter,Yes,No,No,Yes,Sometimes,Delhi - Mumbai,Credit Card,None
46,71.0,Unknown,,Family,AI340,SpiceJet,First Class,2611.0,Bangalore,Pune,-10.0,,,Domestic,1,,0,Poor,,Poor,Good,10,Good,0,No,Neutral,Maybe,No,Broken Entertainment System,Good,,None,Yes,No,Yes,Travel Agency,Yes,Yes,No,Yes,Yes,Bangalore - Hyderabad,Debit Card,Club Vistara
47,50.0,Other,Indian,Business,,GoAir,First Class,100000.0,Pune,Kochi,1500.0,-5.0,9.68917746958239,Domestic,,Poor,2,0,4,0,,Poor,0,0,No,Neutral,,No,Delay,Loved the flight.,Middle,Gold,Yes,Yes,,Mobile App,No,No,Pending,Yes,No,Bangalore - Hyderabad,Credit Card,IndiGo 6E Rewards
48,40.0,Other,,Leisure,,Vistara,Business,,Guwahati,Pune,1500.0,,,International,0,Poor,0,2,2,0,10,3,0,,No,Happy,,,Long Security Check,Loved the flight.,Window,Platinum,Yes,No,Yes,Travel Agency,No,No,Pending,Yes,No,Pune - Delhi,Debit Card,Club Vistara
49,150.0,Female,,Family,,Alliance Air,Economy,265.0,Bangalore,Bhubaneswar,,4.0,30.0,International,Good,,6,2,6,0,0,6,0,0,Yes,Satisfied,,No,,Great service!,Aisle,Silver,,Yes,,Mobile App,No,No,Yes,Yes,Yes,Chennai - Kolkata,Debit Card,Flying Returns (Air India)
50,,,Indian,Leisure,,Air India,First Class,,Pune,Bangalore,1500.0,2000.0,10.379800066455337,International,0,10,6,Poor,10,4,6,0,0,2,Yes,Neutral,,No,Service,Bad,Aisle,Silver,No,No,No,Mobile App,,No,Yes,No,No,Delhi - Mumbai,Cash at Airport,Flying Returns (Air India)
51,-5.0,,Indien,Business,677,Indigo,Economy,100000.0,Delhi,Delhi,172.0,51.0,,International,Poor,6,10,Good,Good,Poor,Good,Good,Poor,5,Yes,Neutral,No,Yes,,Bad,Middle,Gold,Yes,No,,Online,,Yes,No,No,Yes,Pune - Delhi,Credit Card,IndiGo 6E Rewards
52,,,,Family,264,Alliance Air,Economy,100000.0,Bhubaneswar,Lucknow,59.0,-5.0,-2.0,International,Good,10,10,10,5,10,6,Good,3,0,Yes,Satisfied,,Yes,Long Security Check,WiFi was not working.,,Platinum,,No,No,Airport Counter,,Yes,Pending,No,Sometimes,Delhi - Mumbai,Net Banking,Club Vistara
53,76.0,Male,,Leisure,,Alliance Air,Economy,2216.0,Kolkata,Hyderabad,-10.0,2000.0,,International,10,2,Poor,6,0,0,10,Good,6,Unavailable,No,Happy,Maybe,,Delay,Bad,,None,,Yes,Yes,Online,No,No,Pending,Yes,No,Delhi - Mumbai,Debit Card,Flying Returns (Air India)
54,150.0,Male,Indian,Vacation,392,Akasa Air,Economy,954.0,Bhubaneswar,Hyderabad,-10.0,,,Domestic,6,,6,10,,0,10,10,Poor,,No,,No,N/A,Unhygienic Toilets,Great service!,,Platinum,,No,Yes,Travel Agency,,Yes,Pending,No,No,Pune - Delhi,Cash at Airport,Flying Returns (Air India)
55,,X,,Family,,Air India,First Class,-50.0,Ahmedabad,Chennai,1500.0,173.0,30.0,Domestic,Good,2,2,3,6,Good,,,10,0,No,,No,No,Delay,Good,Aisle,Silver,No,No,No,Travel Agency,Yes,Yes,No,Yes,Yes,Bangalore - Hyderabad,Credit Card,None
56,,,,Business,AI289,TruJet,Business,-50.0,Pune,Guwahati,1500.0,2000.0,1.6742437243142465,Domestic,Good,6,6,5,Good,6,,,6,1,Yes,Dissatisfied,Maybe,Yes,Long Security Check,Bad,Window,Silver,,No,,Travel Agency,,No,Pending,No,No,None,Net Banking,None
57,39.0,Other,Indien,Leisure,AI985,Akasa Air,First Class,1358.0,Bhubaneswar,Pune,-10.0,,-2.0,International,Good,,Poor,10,10,2,Good,2,Good,0,Yes,Happy,Maybe,N/A,,12345,Aisle,Platinum,Yes,Yes,No,Travel Agency,,No,Yes,Yes,No,Chennai - Kolkata,Credit Card,None
58,-5.0,Female,,Vacation,AI677,Air India,First Class,1388.0,Mumbai,Bangalore,1500.0,18.0,1.729422664724673,International,10,0,,,0,6,Poor,,Poor,Unavailable,Yes,Dissatisfied,Maybe,N/A,,Terrible experience.,Aisle,Gold,No,No,No,Airport Counter,Yes,No,Yes,Yes,Yes,Bangalore - Hyderabad,Debit Card,IndiGo 6E Rewards
59,,Male,,Leisure,,TruJet,Economy,438.0,Kochi,Kochi,1500.0,,4.814813226771382,Domestic,0,6,Poor,10,Poor,Poor,10,0,0,0,Yes,Dissatisfied,,N/A,Bad Experience,Bad,,Gold,Yes,Yes,,Mobile App,Yes,Yes,Pending,No,No,Chennai - Kolkata,Credit Card,SpiceClub
60,,Unknown,,Business,265,GoAir,Economy,,Hyderabad,Jaipur,1500.0,,1.181747781167143,International,10,6,Poor,Good,0,4,,Good,10,0,No,Neutral,Maybe,No,,WiFi was not working.,Middle,Silver,No,No,Yes,Travel Agency,No,Yes,No,No,No,Delhi - Mumbai,Credit Card,None
61,-5.0,Other,Ind,,902,GoAir,Economy,100000.0,Bhubaneswar,Delhi,1500.0,,-2.0,International,Good,Good,0,Good,Good,Good,Poor,10,Poor,,No,Happy,No,,Broken Entertainment System,12345,Window,None,No,No,No,Online,,No,No,Yes,Sometimes,Delhi - Mumbai,Net Banking,IndiGo 6E Rewards
62,68.0,Unknown,Indien,,AI510,Air India,Business,586.0,Bhubaneswar,Bangalore,1500.0,-5.0,30.0,Domestic,10,6,Poor,1,Poor,,10,10,0,1,Yes,Dissatisfied,Maybe,N/A,Delay,Terrible experience.,,None,No,No,No,Online,,Yes,Yes,No,No,Bangalore - Hyderabad,Credit Card,SpiceClub
63,150.0,Female,,Vacation,AI549,Akasa Air,Business,-50.0,Delhi,Mumbai,1500.0,-5.0,30.0,International,1,5,10,10,5,6,Poor,Poor,Good,Unavailable,Yes,Satisfied,,,Turbulence,12345,Middle,Silver,No,No,,Online,No,Yes,No,Yes,Sometimes,Pune - Delhi,Cash at Airport,Flying Returns (Air India)
64,150.0,X,,,340,Vistara,Economy,100000.0,Kolkata,Bangalore,-10.0,,,Domestic,Poor,Good,2,6,6,0,Poor,Poor,Good,2,Yes,Happy,No,Yes,Food,Great service!,Window,Silver,Yes,Yes,Yes,Mobile App,No,Yes,No,No,No,None,Net Banking,None
65,150.0,Unknown,,Family,,GoAir,First Class,-50.0,Ahmedabad,Delhi,,81.0,6.058775583409138,International,Good,10,3,3,10,5,Good,Good,Good,1,Yes,Satisfied,No,N/A,Unhygienic Toilets,,Middle,None,Yes,Yes,No,Travel Agency,Yes,No,No,Yes,No,Bangalore - Hyderabad,Credit Card,None
66,-5.0,,,Business,,Air India,Business,-50.0,Kochi,Ahmedabad,1500.0,2000.0,,Domestic,6,6,0,Poor,,,3,6,3,,No,Happy,,Yes,Food,Bad,Middle,Gold,No,No,,Mobile App,,No,No,No,Sometimes,Chennai - Kolkata,UPI,Club Vistara
67,,X,Indian,Leisure,748,SpiceJet,Business,874.0,Jaipur,Hyderabad,-10.0,-5.0,,International,2,10,Good,0,Good,Poor,Poor,10,Poor,0,No,Satisfied,Maybe,N/A,Service,Food was cold.,,Platinum,Yes,Yes,No,Online,No,Yes,Yes,Yes,No,Delhi - Mumbai,Debit Card,IndiGo 6E Rewards
68,59.0,Male,Indian,,,AirAsia India,Economy,,Ahmedabad,Lucknow,1500.0,-5.0,30.0,International,10,Good,10,6,Good,0,,10,,1,No,Happy,Yes,,Food,12345,,None,Yes,No,,Mobile App,No,Yes,Pending,No,No,Chennai - Kolkata,Debit Card,Flying Returns (Air India)
69,39.0,Unknown,,Business,,TruJet,First Class,,Bangalore,Pune,-10.0,35.0,30.0,International,4,2,4,Poor,10,0,Poor,,,,No,Satisfied,Maybe,N/A,,Loved the flight.,Aisle,None,No,No,Yes,Airport Counter,,No,No,No,No,None,Cash at Airport,IndiGo 6E Rewards
70,65.0,,,Leisure,995,AirAsia India,First Class,,Kochi,Delhi,1500.0,,,Domestic,10,3,6,6,10,Good,6,10,1,2,Yes,Happy,Maybe,,Turbulence,Good,Middle,Gold,No,Yes,No,Travel Agency,No,Yes,No,No,No,None,UPI,IndiGo 6E Rewards
71,63.0,X,,Other,,Vistara,Business,-50.0,Delhi,Jaipur,,,30.0,Domestic,0,6,,Good,Good,10,1,0,,Unavailable,No,Neutral,Yes,,Broken Entertainment System,Good,Middle,Silver,Yes,Yes,No,Travel Agency,,Yes,No,No,Sometimes,None,UPI,Flying Returns (Air India)
72,,X,,Business,116,TruJet,Economy,,Ahmedabad,Lucknow,36.0,2000.0,9.735927572359977,International,4,4,1,3,6,3,6,,0,0,Yes,Dissatisfied,Yes,N/A,Long Security Check,Terrible experience.,Aisle,Silver,Yes,No,,Travel Agency,No,Yes,Pending,Yes,Sometimes,Bangalore - Hyderabad,Cash at Airport,IndiGo 6E Rewards
73,24.0,Male,Indien,Family,,GoAir,First Class,,Bhubaneswar,Chennai,,-5.0,30.0,Domestic,4,Good,6,Poor,5,0,6,6,10,,No,,No,N/A,Delay,Loved the flight.,Window,None,,No,No,Online,,Yes,Pending,No,Yes,Delhi - Mumbai,Credit Card,Flying Returns (Air India)
74,,Female,,,485,Vistara,Economy,,Pune,Bhubaneswar,,136.0,30.0,Domestic,,,Good,Poor,0,5,Good,10,,1,No,Dissatisfied,Yes,N/A,Turbulence,Good,Aisle,Silver,,No,Yes,Mobile App,No,No,No,No,Yes,Pune - Delhi,UPI,SpiceClub
75,61.0,Male,Indien,Leisure,AI126,TruJet,Business,100000.0,Lucknow,Jaipur,-10.0,121.0,4.836289001305046,Domestic,Good,1,Poor,,2,6,4,,3,0,Yes,Dissatisfied,Yes,No,Unhygienic Toilets,Terrible experience.,Window,Platinum,Yes,Yes,,Travel Agency,Yes,No,No,Yes,Sometimes,None,UPI,IndiGo 6E Rewards
76,55.0,Unknown,Ind,Other,,Vistara,Economy,,Jaipur,Bhubaneswar,,-5.0,4.806471447579849,International,Good,5,5,6,3,6,0,0,,0,Yes,Happy,Maybe,,Turbulence,Great service!,Middle,Gold,,No,Yes,Mobile App,No,Yes,Pending,Yes,Yes,Pune - Delhi,Cash at Airport,IndiGo 6E Rewards
77,-5.0,Unknown,Indian,Vacation,891,GoAir,First Class,1436.0,Bhubaneswar,Bangalore,1500.0,,,Domestic,0,Poor,10,10,6,0,,1,Good,1,Yes,,No,No,Broken Entertainment System,Bad,Window,Silver,Yes,No,No,Travel Agency,No,No,No,No,Sometimes,Bangalore - Hyderabad,Debit Card,IndiGo 6E Rewards
78,150.0,,,Business,AI463,Indigo,Economy,,Bhubaneswar,Bhubaneswar,,2000.0,,International,5,6,4,10,0,2,0,0,6,0,Yes,Dissatisfied,Yes,N/A,Delay,Loved the flight.,Window,None,No,No,Yes,Travel Agency,No,No,Yes,No,Sometimes,Delhi - Mumbai,Net Banking,SpiceClub
79,23.0,Unknown,,Vacation,AI351,Alliance Air,Business,100000.0,Ahmedabad,Kochi,1500.0,2000.0,,Domestic,,6,6,6,6,10,4,Good,6,0,No,Neutral,,,Bad Experience,,Window,Silver,No,No,Yes,Travel Agency,Yes,Yes,No,Yes,No,Pune - Delhi,Debit Card,Flying Returns (Air India)
80,,,Indien,Family,990,GoAir,First Class,-50.0,Hyderabad,Kolkata,1500.0,97.0,-2.0,International,,,0,0,Poor,3,6,6,Poor,,No,Satisfied,Yes,N/A,Turbulence,Food was cold.,Window,None,No,Yes,No,Travel Agency,Yes,No,Pending,No,Yes,Bangalore - Hyderabad,Credit Card,None
81,150.0,Female,,Family,,Vistara,Economy,100000.0,Jaipur,Ahmedabad,-10.0,98.0,9.316750501526869,Domestic,Poor,Good,0,10,0,Poor,10,10,Poor,0,No,,No,,Delay,Good,,None,,No,Yes,Mobile App,No,No,Pending,No,No,Bangalore - Hyderabad,UPI,Club Vistara
82,-5.0,,,Leisure,AI395,AirAsia India,First Class,100000.0,Kolkata,Bangalore,160.0,-5.0,30.0,International,6,0,Good,10,0,Poor,,,Poor,,Yes,Neutral,No,,Broken Entertainment System,12345,,Gold,No,No,No,Mobile App,,No,Pending,No,Sometimes,Chennai - Kolkata,Debit Card,None
83,47.0,X,Indien,Other,,GoAir,Economy,,Jaipur,Jaipur,93.0,38.0,,Domestic,0,,0,6,6,1,Poor,10,0,0,Yes,Satisfied,,,Bad Experience,Good,,Gold,Yes,No,No,Travel Agency,,Yes,Pending,No,Sometimes,Bangalore - Hyderabad,Cash at Airport,SpiceClub
84,-5.0,,Indien,Family,AI827,Vistara,First Class,-50.0,Bangalore,Hyderabad,55.0,,30.0,International,Good,6,0,,3,0,0,Poor,5,Unavailable,No,Neutral,Maybe,No,Long Security Check,WiFi was not working.,,Gold,Yes,No,Yes,Travel Agency,No,No,No,Yes,Sometimes,None,Net Banking,SpiceClub
85,-5.0,Other,Indian,Family,AI486,SpiceJet,Economy,-50.0,Mumbai,Jaipur,179.0,2000.0,30.0,Domestic,,Good,Poor,0,0,6,,Poor,Good,0,Yes,Satisfied,Maybe,Yes,Other,Food was cold.,,Platinum,Yes,Yes,No,Airport Counter,Yes,Yes,No,Yes,Sometimes,Bangalore - Hyderabad,Cash at Airport,IndiGo 6E Rewards
86,58.0,X,Ind,Other,AI883,Vistara,Economy,100000.0,Kolkata,Hyderabad,,2000.0,6.1203976307049555,Domestic,10,6,,Good,,3,3,,6,Unavailable,No,Happy,Yes,N/A,,,Aisle,Gold,Yes,Yes,No,Online,Yes,Yes,Yes,No,Sometimes,None,Cash at Airport,Club Vistara
87,-5.0,Unknown,,,923,Air India,Economy,-50.0,Guwahati,Jaipur,1500.0,,7.109615288238594,International,6,10,,0,Good,10,,3,6,Unavailable,No,Satisfied,Maybe,Yes,Food,Terrible experience.,,Silver,No,No,Yes,Travel Agency,,No,No,Yes,Sometimes,Bangalore - Hyderabad,Net Banking,None
88,,Unknown,Ind,Family,610,SpiceJet,Business,-50.0,Bangalore,Delhi,170.0,2000.0,,International,Poor,10,,2,Poor,0,0,10,Poor,,Yes,Neutral,Maybe,Yes,Unhygienic Toilets,Loved the flight.,Aisle,None,Yes,No,No,Travel Agency,No,Yes,Yes,No,Sometimes,Pune - Delhi,Debit Card,None
89,150.0,Other,Indian,Family,,Vistara,First Class,-50.0,Pune,Ahmedabad,-10.0,107.0,30.0,Domestic,10,0,Good,6,,Good,0,Poor,,Unavailable,Yes,Neutral,Yes,Yes,Long Security Check,,,None,Yes,Yes,Yes,Online,Yes,No,Pending,Yes,Yes,Delhi - Mumbai,UPI,SpiceClub
90,,Unknown,,Vacation,AI367,AirAsia India,First Class,-50.0,Kolkata,Bangalore,-10.0,46.0,,Domestic,Good,Poor,6,0,0,10,6,5,6,Unavailable,Yes,Happy,No,Yes,Turbulence,Bad,Window,None,Yes,Yes,Yes,Travel Agency,,Yes,Pending,No,Yes,None,Cash at Airport,SpiceClub
91,-5.0,Unknown,,Leisure,381,Akasa Air,Business,2130.0,Ahmedabad,Chennai,1.0,148.0,30.0,International,Good,10,,10,6,0,10,6,10,Unavailable,Yes,Happy,Yes,,Broken Entertainment System,Terrible experience.,Window,None,Yes,No,,Airport Counter,No,No,No,No,Yes,Bangalore - Hyderabad,Net Banking,Flying Returns (Air India)
92,55.0,Unknown,Ind,,753,SpiceJet,First Class,,Bhubaneswar,Delhi,,2000.0,4.40415512403456,International,6,0,2,3,Good,6,0,6,0,,No,,Yes,N/A,Food,Food was cold.,Window,Gold,Yes,No,No,Travel Agency,Yes,Yes,No,Yes,Yes,Delhi - Mumbai,Cash at Airport,Flying Returns (Air India)
93,150.0,X,Indian,Leisure,539,Indigo,First Class,1620.0,Bangalore,Bangalore,1500.0,160.0,,Domestic,10,6,Good,10,2,Good,Poor,Poor,,,Yes,,,Yes,Delay,Good,Window,None,No,No,Yes,Airport Counter,,Yes,Pending,No,Yes,Pune - Delhi,Net Banking,IndiGo 6E Rewards
94,51.0,X,Ind,Leisure,AI125,SpiceJet,First Class,,Ahmedabad,Delhi,,133.0,30.0,International,5,,1,,4,10,5,6,6,Unavailable,No,Satisfied,Maybe,N/A,Broken Entertainment System,Terrible experience.,Window,Platinum,No,No,,Mobile App,No,Yes,Pending,Yes,Sometimes,Pune - Delhi,UPI,Club Vistara
95,21.0,,Indian,Other,AI951,Alliance Air,First Class,100000.0,Guwahati,Chennai,-10.0,-5.0,-2.0,Domestic,Good,0,0,Poor,4,,6,10,6,0,No,,No,,,Good,Middle,Gold,Yes,Yes,No,Mobile App,,No,No,No,Yes,Chennai - Kolkata,Debit Card,None
96,150.0,Unknown,Indien,Family,AI144,AirAsia India,Economy,942.0,Chennai,Guwahati,,2000.0,30.0,International,6,10,Poor,0,10,10,10,Poor,10,,No,Satisfied,Maybe,Yes,Unhygienic Toilets,Good,,Gold,No,No,Yes,Mobile App,No,Yes,Yes,Yes,No,Bangalore - Hyderabad,Cash at Airport,Flying Returns (Air India)
97,150.0,Male,Indian,Other,,TruJet,Economy,2797.0,Bhubaneswar,Kochi,-10.0,133.0,,Domestic,6,Good,10,6,Good,5,Poor,,6,5,Yes,Satisfied,Yes,,Broken Entertainment System,Bad,Aisle,Silver,,No,No,Airport Counter,,No,Pending,Yes,Yes,Delhi - Mumbai,Debit Card,IndiGo 6E Rewards
98,43.0,Other,,Vacation,252,AirAsia India,First Class,100000.0,Chennai,Hyderabad,1500.0,38.0,30.0,International,10,10,10,,6,Poor,,6,Good,Unavailable,No,Happy,Yes,No,Delay,Good,Middle,Gold,,Yes,No,Online,Yes,Yes,Yes,Yes,Sometimes,None,Net Banking,Flying Returns (Air India)
99,-5.0,Unknown,,Other,,Indigo,First Class,-50.0,Pune,Guwahati,,,4.68190740113577,International,,10,2,10,Good,3,Poor,10,4,3,Yes,Satisfied,No,No,Food,Great service!,Window,None,No,Yes,No,Airport Counter,No,No,No,Yes,No,Chennai - Kolkata,Credit Card,IndiGo 6E Rewards
100,150.0,Other,Indien,,,Indigo,First Class,,Chennai,Chennai,1500.0,2000.0,,International,Good,,Good,Good,,6,,5,Poor,,Yes,,Maybe,Yes,Delay,Terrible experience.,Aisle,Gold,No,Yes,,Travel Agency,Yes,Yes,Yes,No,Sometimes,Bangalore - Hyderabad,Net Banking,IndiGo 6E Rewards
101,150.0,Female,,,629,GoAir,Business,,Kochi,Kolkata,133.0,,30.0,Domestic,0,Poor,10,Poor,10,,,3,6,1,Yes,Neutral,No,Yes,Unhygienic Toilets,Food was cold.,Aisle,Platinum,No,Yes,,Airport Counter,No,Yes,No,Yes,Yes,Delhi - Mumbai,UPI,IndiGo 6E Rewards
102,,Female,Indian,Business,AI759,Indigo,Economy,,Bhubaneswar,Bangalore,1500.0,89.0,,International,5,0,5,6,2,3,10,5,10,Unavailable,Yes,Neutral,Yes,N/A,Food,Bad,Window,Gold,No,Yes,Yes,Mobile App,No,No,Yes,No,Sometimes,Pune - Delhi,Net Banking,Club Vistara
103,150.0,Male,,Vacation,AI879,Air India,Economy,100000.0,Bangalore,Hyderabad,,59.0,30.0,International,,0,10,4,0,Poor,Poor,10,0,0,No,Dissatisfied,Maybe,N/A,Long Security Check,,,Gold,Yes,Yes,No,Airport Counter,Yes,Yes,No,No,No,Delhi - Mumbai,Cash at Airport,Club Vistara
104,51.0,Unknown,Indian,Vacation,,Alliance Air,Economy,,Hyderabad,Chennai,107.0,170.0,-2.0,International,0,,0,0,10,6,Good,Good,10,,Yes,Satisfied,No,No,Long Security Check,Loved the flight.,Aisle,None,No,Yes,,Mobile App,No,Yes,Yes,Yes,Yes,Bangalore - Hyderabad,Debit Card,Club Vistara
105,45.0,,Indian,,518,GoAir,First Class,-50.0,Hyderabad,Guwahati,,,,Domestic,,Poor,,,Poor,6,3,Good,6,Unavailable,Yes,Happy,Yes,No,Delay,12345,Middle,Silver,No,No,No,Mobile App,No,No,Yes,No,No,Bangalore - Hyderabad,Net Banking,Club Vistara
106,-5.0,Other,Ind,Other,,Indigo,Economy,,Ahmedabad,Lucknow,-10.0,-5.0,1.4414461618060748,International,6,Good,0,10,10,0,,,Good,0,Yes,Satisfied,Yes,Yes,Service,Terrible experience.,Middle,Gold,Yes,No,Yes,Airport Counter,,Yes,Pending,No,Yes,Pune - Delhi,UPI,Club Vistara
107,26.0,X,,Leisure,680,GoAir,First Class,100000.0,Bangalore,Chennai,97.0,-5.0,6.8879047933069115,Domestic,6,6,10,10,3,5,10,3,Poor,0,No,Dissatisfied,,Yes,Broken Entertainment System,Loved the flight.,,Gold,No,Yes,No,Travel Agency,No,No,No,Yes,Sometimes,Delhi - Mumbai,Debit Card,Flying Returns (Air India)
108,-5.0,X,Ind,,,Akasa Air,First Class,2160.0,Lucknow,Kochi,-10.0,,4.78022374430088,International,3,,6,6,0,,Good,10,10,4,Yes,,Yes,N/A,Long Security Check,Good,Aisle,None,,Yes,,Airport Counter,Yes,No,No,Yes,Sometimes,Bangalore - Hyderabad,Cash at Airport,IndiGo 6E Rewards
109,150.0,X,Indian,Business,AI546,GoAir,First Class,,Guwahati,Kolkata,93.0,2000.0,-2.0,International,10,Poor,2,Good,0,6,Poor,Good,0,5,Yes,Dissatisfied,No,No,Turbulence,Bad,Window,Silver,,No,,Online,,No,No,No,Yes,Chennai - Kolkata,UPI,None
110,-5.0,,Indian,Vacation,,Air India,Business,,Guwahati,Delhi,118.0,2000.0,,Domestic,,0,Good,10,6,5,0,3,,,No,Satisfied,,Yes,Bad Experience,Bad,Window,Silver,,No,No,Airport Counter,No,Yes,No,Yes,Sometimes,Pune - Delhi,Net Banking,Club Vistara
111,74.0,Male,Indian,Leisure,AI489,Akasa Air,Economy,-50.0,Delhi,Kochi,1500.0,-5.0,,Domestic,Poor,Good,4,Poor,Poor,Poor,6,0,10,Unavailable,No,Neutral,,,Delay,Great service!,,None,,No,Yes,Travel Agency,No,No,No,Yes,No,Bangalore - Hyderabad,Credit Card,SpiceClub
112,-5.0,Other,,Vacation,,GoAir,First Class,-50.0,Guwahati,Kochi,-10.0,114.0,30.0,Domestic,10,3,Poor,1,Good,Good,0,0,Poor,,Yes,Neutral,Yes,,Turbulence,Good,Window,Gold,Yes,No,,Travel Agency,Yes,No,No,Yes,No,None,UPI,IndiGo 6E Rewards
113,-5.0,Unknown,Indian,Vacation,,AirAsia India,Economy,1201.0,Bhubaneswar,Chennai,1500.0,,8.590207058821935,Domestic,,Poor,Poor,10,,4,10,,10,Unavailable,Yes,Satisfied,No,No,Service,,Window,None,No,Yes,No,Airport Counter,,Yes,No,Yes,Sometimes,None,UPI,Flying Returns (Air India)
114,38.0,Female,,Business,955,Alliance Air,Business,1079.0,Ahmedabad,Kochi,-10.0,42.0,,International,Poor,Good,1,0,Poor,6,6,10,4,Unavailable,Yes,Satisfied,Yes,N/A,Delay,Good,Aisle,Gold,,No,,Online,Yes,No,No,No,Yes,Chennai - Kolkata,Credit Card,IndiGo 6E Rewards
115,-5.0,,Indien,Leisure,AI267,TruJet,Economy,1271.0,Kolkata,Hyderabad,1500.0,149.0,30.0,Domestic,Good,Poor,,10,1,0,10,6,5,,Yes,Satisfied,Yes,N/A,Broken Entertainment System,WiFi was not working.,Window,Gold,Yes,No,No,Mobile App,Yes,No,Yes,Yes,Sometimes,Pune - Delhi,Debit Card,IndiGo 6E Rewards
116,,Female,Ind,Family,AI320,AirAsia India,Economy,2627.0,Bhubaneswar,Lucknow,1500.0,,8.561307682196567,Domestic,Good,0,,,0,10,10,Poor,Good,0,No,Neutral,No,N/A,Long Security Check,12345,Window,Platinum,,Yes,,Airport Counter,No,Yes,No,Yes,No,Chennai - Kolkata,UPI,Club Vistara
117,150.0,,,,487,Alliance Air,First Class,,Chennai,Pune,1500.0,153.0,8.519895937342675,Domestic,1,Good,,0,10,,Poor,0,2,5,No,,No,,Service,WiFi was not working.,Window,Platinum,Yes,No,Yes,Travel Agency,,Yes,Pending,Yes,Sometimes,Chennai - Kolkata,Credit Card,IndiGo 6E Rewards
118,-5.0,Unknown,,,AI583,GoAir,First Class,-50.0,Kolkata,Jaipur,,22.0,30.0,International,6,Poor,0,4,,2,Poor,,6,0,Yes,Happy,Yes,No,Bad Experience,Good,Middle,None,,No,,Mobile App,,No,No,Yes,Yes,None,Cash at Airport,SpiceClub
119,-5.0,Female,Indien,,521,Vistara,Business,,Chennai,Hyderabad,1500.0,93.0,6.501817909662445,International,,6,Poor,6,10,Good,Poor,10,Good,,Yes,,Maybe,No,Bad Experience,Bad,,Platinum,Yes,Yes,No,Mobile App,,Yes,Pending,Yes,Yes,Bangalore - Hyderabad,UPI,Club Vistara
120,150.0,Male,Indien,Other,,Akasa Air,First Class,,Mumbai,Bangalore,-10.0,-5.0,1.4991952883822317,Domestic,10,10,Good,6,6,Poor,Good,1,,1,No,Satisfied,No,N/A,,WiFi was not working.,Window,Platinum,Yes,Yes,Yes,Travel Agency,No,Yes,No,Yes,Yes,None,UPI,SpiceClub
121,,Unknown,,Business,,Indigo,Economy,1581.0,Guwahati,Jaipur,,73.0,-2.0,Domestic,10,Poor,Good,4,Poor,Poor,Poor,,Poor,0,No,Neutral,Maybe,,Turbulence,Terrible experience.,Middle,Platinum,Yes,Yes,No,Airport Counter,No,No,Pending,No,Yes,Pune - Delhi,Net Banking,SpiceClub
122,,Other,,Business,,SpiceJet,First Class,,Kolkata,Chennai,-10.0,70.0,30.0,International,0,0,0,6,,Good,10,,6,,No,Satisfied,,Yes,Long Security Check,Bad,,Silver,Yes,No,Yes,Travel Agency,Yes,Yes,Pending,Yes,Yes,Bangalore - Hyderabad,Cash at Airport,IndiGo 6E Rewards
123,52.0,,,Leisure,,SpiceJet,Business,2174.0,Jaipur,Lucknow,159.0,2000.0,-2.0,International,,10,2,10,6,Good,Poor,0,4,Unavailable,No,Happy,,N/A,Long Security Check,12345,Middle,None,Yes,No,Yes,Airport Counter,Yes,No,No,Yes,Yes,None,Cash at Airport,Club Vistara
124,79.0,Unknown,Ind,Leisure,884,AirAsia India,Economy,-50.0,Lucknow,Ahmedabad,,,-2.0,Domestic,10,6,6,0,0,0,10,0,6,3,Yes,,No,Yes,Bad Experience,,Middle,Silver,No,No,No,Online,No,Yes,Yes,Yes,Yes,Chennai - Kolkata,UPI,SpiceClub
125,-5.0,Female,Indian,Leisure,AI700,GoAir,Business,-50.0,Lucknow,Jaipur,12.0,,2.062615814853107,International,Poor,,1,0,Poor,,Poor,0,Good,Unavailable,No,Happy,Maybe,No,Bad Experience,Bad,,Gold,No,No,,Airport Counter,Yes,No,No,Yes,No,Bangalore - Hyderabad,UPI,None
126,-5.0,,Indian,,287,SpiceJet,Economy,-50.0,Jaipur,Guwahati,,-5.0,30.0,Domestic,0,Poor,Good,0,Good,,Poor,0,,,Yes,Dissatisfied,No,No,Other,Bad,Middle,Platinum,No,Yes,,Airport Counter,Yes,Yes,Pending,Yes,No,Delhi - Mumbai,Net Banking,Club Vistara
127,-5.0,X,,Business,217,TruJet,Business,,Mumbai,Delhi,107.0,2000.0,-2.0,International,10,2,10,1,Good,Poor,10,6,0,0,Yes,Neutral,No,N/A,Delay,Good,Middle,None,No,No,,Travel Agency,,Yes,No,No,Sometimes,None,Net Banking,Club Vistara
128,150.0,Female,Indien,Business,AI437,GoAir,Economy,100000.0,Kochi,Bangalore,1500.0,10.0,30.0,International,6,10,10,5,0,Good,Good,Poor,6,0,No,Happy,Maybe,,Delay,Good,,Gold,Yes,Yes,,Online,Yes,No,Pending,No,No,Chennai - Kolkata,UPI,SpiceClub
129,150.0,,,,,GoAir,Economy,100000.0,Guwahati,Kochi,,-5.0,,Domestic,Good,0,2,,Good,Poor,Poor,10,6,Unavailable,Yes,Satisfied,,No,Broken Entertainment System,,Window,Platinum,,Yes,No,Travel Agency,No,No,Yes,No,Yes,Pune - Delhi,Credit Card,SpiceClub
130,150.0,X,Indien,Leisure,,Akasa Air,Economy,-50.0,Delhi,Chennai,-10.0,127.0,,International,Poor,Good,10,6,Good,Good,0,Good,Poor,,No,Satisfied,No,No,Turbulence,Good,,Silver,No,Yes,Yes,Travel Agency,No,Yes,Pending,No,No,Delhi - Mumbai,Cash at Airport,Flying Returns (Air India)
131,,Male,,Vacation,,Akasa Air,Business,100000.0,Delhi,Bangalore,18.0,22.0,10.098673207030274,Domestic,6,0,,0,Poor,10,0,Poor,5,,No,Dissatisfied,Yes,No,,WiFi was not working.,,Gold,Yes,Yes,,Online,,No,Pending,Yes,Yes,Delhi - Mumbai,Debit Card,Flying Returns (Air India)
132,,,Indien,Family,427,AirAsia India,Economy,,Hyderabad,Mumbai,66.0,2000.0,11.779168119652656,International,6,Good,,,0,Poor,6,0,Good,,Yes,Happy,No,Yes,Unhygienic Toilets,Food was cold.,Middle,Platinum,,Yes,,Online,,No,Pending,No,No,Chennai - Kolkata,Credit Card,Flying Returns (Air India)
133,77.0,Unknown,Ind,Other,995,AirAsia India,First Class,824.0,Ahmedabad,Hyderabad,94.0,2000.0,,International,0,,Good,6,,5,Poor,6,0,5,No,Happy,,,Bad Experience,WiFi was not working.,Middle,None,Yes,No,No,Travel Agency,No,Yes,No,No,Yes,None,Credit Card,None
134,150.0,Male,Ind,Vacation,494,AirAsia India,Economy,,Guwahati,Kolkata,1500.0,61.0,-2.0,International,0,,10,10,Poor,0,Poor,4,,,No,,Maybe,Yes,Food,,Aisle,Silver,Yes,Yes,No,Mobile App,,Yes,Yes,Yes,No,None,Net Banking,None
135,150.0,X,Indian,,AI219,Akasa Air,Business,1001.0,Kochi,Chennai,106.0,2000.0,,Domestic,0,Poor,10,Good,Good,Good,6,,Good,Unavailable,No,Satisfied,No,,Bad Experience,Terrible experience.,Aisle,Gold,,No,Yes,Airport Counter,,Yes,Yes,No,Sometimes,None,Net Banking,SpiceClub
136,35.0,Female,Indian,Business,AI706,Alliance Air,First Class,-50.0,Guwahati,Ahmedabad,-10.0,2000.0,,International,0,4,5,0,6,10,,Good,,Unavailable,Yes,Happy,Maybe,No,Food,Terrible experience.,Window,Gold,No,No,,Travel Agency,Yes,Yes,No,No,Sometimes,None,Net Banking,IndiGo 6E Rewards
137,150.0,Unknown,Indian,,413,TruJet,Business,1033.0,Ahmedabad,Bhubaneswar,49.0,2000.0,9.338373184735033,Domestic,,1,3,Poor,Good,Good,6,Good,1,,No,Dissatisfied,,,Other,,Middle,Platinum,No,Yes,Yes,Airport Counter,Yes,Yes,No,No,No,Bangalore - Hyderabad,Cash at Airport,Club Vistara
138,,Male,,Other,AI574,GoAir,Economy,-50.0,Jaipur,Kolkata,1500.0,,-2.0,International,Good,Poor,3,Good,0,3,5,10,10,2,No,,Yes,Yes,Long Security Check,Terrible experience.,Window,Gold,,No,Yes,Travel Agency,,Yes,Pending,No,No,Chennai - Kolkata,Credit Card,None
139,,Female,,Vacation,,Vistara,Economy,,Ahmedabad,Bhubaneswar,160.0,176.0,2.759236416435889,Domestic,10,5,Poor,Good,Good,4,Poor,10,10,3,No,Happy,Maybe,Yes,Bad Experience,,Window,Silver,,Yes,No,Mobile App,No,No,No,No,No,Delhi - Mumbai,Credit Card,IndiGo 6E Rewards
140,,Male,Ind,,AI447,TruJet,First Class,888.0,Bangalore,Pune,-10.0,2000.0,6.639763859098886,Domestic,6,Poor,Poor,10,6,2,0,Good,Poor,,Yes,Neutral,,Yes,Bad Experience,Food was cold.,Window,Platinum,Yes,No,,Travel Agency,,Yes,Pending,No,No,None,Cash at Airport,Flying Returns (Air India)
141,,Male,,Vacation,454,Vistara,First Class,100000.0,Kolkata,Bangalore,-10.0,-5.0,9.746057743157962,Domestic,Poor,10,Poor,4,2,Good,4,10,5,Unavailable,No,Dissatisfied,,N/A,Bad Experience,Good,,Platinum,Yes,No,No,Mobile App,Yes,No,Pending,No,No,Bangalore - Hyderabad,Net Banking,Club Vistara
142,150.0,Unknown,,Vacation,,Indigo,Business,100000.0,Bangalore,Guwahati,165.0,-5.0,30.0,International,5,6,0,10,10,5,,6,10,0,Yes,Dissatisfied,No,Yes,Other,12345,,Silver,Yes,Yes,,Travel Agency,Yes,Yes,Pending,No,Yes,Chennai - Kolkata,UPI,IndiGo 6E Rewards
143,76.0,,Indien,,876,Air India,Business,-50.0,Lucknow,Mumbai,172.0,154.0,-2.0,Domestic,Poor,10,6,10,10,Good,0,,Good,,No,,,Yes,Unhygienic Toilets,WiFi was not working.,Window,Silver,,No,,Online,No,No,Pending,No,Yes,Pune - Delhi,Cash at Airport,None
144,53.0,Female,,Business,,SpiceJet,First Class,1889.0,Bhubaneswar,Mumbai,,170.0,-2.0,International,6,,,5,Poor,6,Good,Good,1,,No,Happy,No,Yes,Other,,Window,Platinum,No,Yes,,Online,,Yes,No,Yes,No,None,UPI,Flying Returns (Air India)
145,18.0,,Indien,Family,129,Vistara,Economy,,Chennai,Ahmedabad,-10.0,,-2.0,Domestic,4,0,Poor,6,6,,6,,6,0,Yes,,Maybe,No,Long Security Check,Good,Window,Silver,,Yes,,Travel Agency,Yes,No,No,No,No,None,UPI,None
146,,Female,,,,TruJet,First Class,,Hyderabad,Jaipur,,-5.0,4.331558878401833,International,10,6,0,0,,Good,,0,6,,Yes,Dissatisfied,Yes,Yes,Unhygienic Toilets,Good,Aisle,Gold,No,No,,Online,Yes,No,Pending,No,No,Pune - Delhi,Net Banking,SpiceClub
147,150.0,,,Other,,Akasa Air,Economy,100000.0,Chennai,Kochi,1500.0,,30.0,International,Poor,4,0,6,,Good,Good,10,Good,,No,Dissatisfied,,Yes,Bad Experience,Loved the flight.,Middle,Platinum,No,Yes,No,Airport Counter,,Yes,No,Yes,No,Pune - Delhi,Cash at Airport,None
148,20.0,Male,,Business,AI913,Air India,First Class,,Chennai,Mumbai,1500.0,-5.0,30.0,International,10,Good,,0,10,Poor,10,0,10,0,Yes,Happy,,No,Delay,12345,Middle,Gold,No,No,Yes,Mobile App,Yes,Yes,Pending,No,No,Delhi - Mumbai,Credit Card,Club Vistara
149,-5.0,,Indian,Leisure,AI469,TruJet,Business,,Bhubaneswar,Jaipur,1500.0,,,International,6,,0,10,6,10,10,6,6,0,No,,Maybe,No,Bad Experience,Food was cold.,Window,Silver,Yes,Yes,,Travel Agency,Yes,No,No,Yes,Yes,Pune - Delhi,Debit Card,IndiGo 6E Rewards
150,150.0,Other,Indien,Business,,Akasa Air,First Class,100000.0,Mumbai,Hyderabad,172.0,,30.0,Domestic,10,0,0,Good,6,2,Good,6,6,3,No,Dissatisfied,No,No,Food,Good,Aisle,Platinum,,Yes,,Online,Yes,Yes,Pending,No,Yes,Delhi - Mumbai,Net Banking,Flying Returns (Air India)
151,,Unknown,Indian,,AI894,SpiceJet,Economy,2825.0,Kochi,Hyderabad,144.0,-5.0,,Domestic,Poor,0,10,0,6,,10,10,6,5,No,Dissatisfied,,,Delay,Terrible experience.,Window,Gold,Yes,Yes,,Mobile App,No,No,No,Yes,No,None,Debit Card,None
152,-5.0,Other,Indian,Family,AI857,Akasa Air,First Class,100000.0,Bhubaneswar,Chennai,39.0,119.0,30.0,Domestic,0,10,Poor,0,10,Good,10,,1,2,Yes,,Yes,Yes,Food,Good,Middle,Platinum,No,No,Yes,Online,Yes,Yes,No,No,No,Delhi - Mumbai,UPI,Flying Returns (Air India)
153,-5.0,Unknown,,Business,712,SpiceJet,First Class,,Bhubaneswar,Delhi,-10.0,,-2.0,International,10,0,2,0,Poor,0,1,Good,10,0,No,Happy,,No,Food,Great service!,Middle,Silver,Yes,Yes,,Travel Agency,Yes,No,Yes,No,Yes,Chennai - Kolkata,Net Banking,None
154,20.0,Unknown,Indian,Family,,Alliance Air,First Class,,Hyderabad,Kolkata,,2000.0,,International,Good,10,6,6,6,,10,Good,Good,,No,Neutral,Maybe,Yes,Service,Food was cold.,,Gold,,No,Yes,Mobile App,No,Yes,Yes,Yes,No,Delhi - Mumbai,Net Banking,IndiGo 6E Rewards
155,150.0,X,,Leisure,AI681,TruJet,First Class,-50.0,Kochi,Jaipur,,,30.0,International,0,10,6,Good,10,6,5,Good,10,3,Yes,Satisfied,Maybe,Yes,Bad Experience,Good,Aisle,Platinum,No,No,Yes,Travel Agency,,Yes,Yes,No,Yes,Delhi - Mumbai,Cash at Airport,IndiGo 6E Rewards
156,-5.0,Unknown,Indian,,AI581,TruJet,Economy,100000.0,Ahmedabad,Lucknow,-10.0,2000.0,,International,,,Poor,Good,4,0,2,,,Unavailable,Yes,Dissatisfied,No,N/A,Bad Experience,Good,Aisle,Silver,No,No,Yes,Travel Agency,,Yes,Yes,Yes,Sometimes,Delhi - Mumbai,UPI,SpiceClub
157,49.0,Other,,Leisure,AI828,Vistara,First Class,,Guwahati,Jaipur,-10.0,,-2.0,International,Poor,Poor,,,,2,10,4,6,0,Yes,Satisfied,Maybe,Yes,Bad Experience,,Window,Platinum,Yes,No,,Mobile App,Yes,Yes,No,Yes,No,Chennai - Kolkata,Debit Card,IndiGo 6E Rewards
158,65.0,,Indian,Family,945,Akasa Air,Business,,Kolkata,Bhubaneswar,-10.0,12.0,30.0,International,Good,6,Good,6,6,Poor,6,10,Poor,5,Yes,,No,No,Broken Entertainment System,Good,,Silver,Yes,No,Yes,Airport Counter,,Yes,Pending,Yes,Sometimes,None,Debit Card,Club Vistara
159,,,,Vacation,342,Indigo,Business,,Kochi,Pune,1500.0,,30.0,International,2,Good,6,Poor,0,Poor,6,10,,5,No,,No,Yes,Long Security Check,WiFi was not working.,Aisle,Platinum,No,No,Yes,Mobile App,,Yes,Yes,No,Sometimes,Bangalore - Hyderabad,Cash at Airport,Flying Returns (Air India)
160,,,Indien,Family,760,SpiceJet,Business,748.0,Jaipur,Chennai,1500.0,118.0,30.0,International,,10,10,6,10,0,10,4,10,3,Yes,Dissatisfied,,N/A,Food,WiFi was not working.,Aisle,Gold,Yes,No,Yes,Online,Yes,Yes,Pending,No,Yes,Pune - Delhi,Cash at Airport,SpiceClub
161,65.0,Unknown,,Vacation,AI304,Akasa Air,First Class,100000.0,Chennai,Jaipur,86.0,-5.0,30.0,International,6,5,Good,Poor,1,Good,Good,10,Poor,2,No,Happy,,N/A,Turbulence,Bad,Window,Silver,,No,No,Travel Agency,Yes,No,Yes,Yes,No,Bangalore - Hyderabad,UPI,Club Vistara
162,-5.0,Male,Ind,,AI433,Akasa Air,First Class,2605.0,Mumbai,Lucknow,1500.0,114.0,-2.0,International,,Poor,0,4,6,5,,4,6,0,No,Satisfied,Maybe,Yes,Bad Experience,Good,Aisle,Platinum,Yes,No,Yes,Online,Yes,No,No,No,Yes,Delhi - Mumbai,Net Banking,None
163,-5.0,Female,,,AI898,Akasa Air,First Class,-50.0,Lucknow,Kochi,,,-2.0,International,Poor,Poor,,Poor,6,6,,10,6,2,Yes,Satisfied,Yes,No,Service,WiFi was not working.,Middle,Platinum,,Yes,,Mobile App,No,No,Pending,No,Sometimes,Chennai - Kolkata,UPI,None
164,150.0,,,Family,316,SpiceJet,Economy,126.0,Jaipur,Bhubaneswar,-10.0,2000.0,3.6573915098769003,International,Good,10,6,Good,3,,2,6,4,0,Yes,,Yes,No,Long Security Check,Food was cold.,Aisle,Platinum,Yes,No,,Online,Yes,No,Pending,No,Yes,None,Credit Card,SpiceClub
165,22.0,Female,Indian,Leisure,249,AirAsia India,Business,100000.0,Bangalore,Guwahati,1500.0,,-2.0,Domestic,Good,6,,10,10,Poor,10,,Good,0,No,,Maybe,Yes,Service,12345,Window,Silver,No,No,,Online,No,No,Pending,No,Yes,Chennai - Kolkata,Net Banking,SpiceClub
166,,X,,Family,156,SpiceJet,First Class,,Chennai,Kolkata,155.0,,30.0,International,0,6,,Poor,0,3,6,,10,Unavailable,No,Happy,,,Food,Good,,Platinum,Yes,Yes,Yes,Online,No,Yes,Yes,Yes,Sometimes,Pune - Delhi,UPI,None
167,150.0,Female,,Family,,TruJet,Business,-50.0,Bangalore,Chennai,22.0,-5.0,30.0,International,0,10,Poor,Good,,5,10,6,,Unavailable,Yes,,Yes,Yes,Unhygienic Toilets,Food was cold.,Middle,Platinum,No,Yes,Yes,Mobile App,Yes,No,No,No,Sometimes,Pune - Delhi,Net Banking,IndiGo 6E Rewards
168,46.0,Female,Indian,Business,885,GoAir,Business,2892.0,Lucknow,Jaipur,-10.0,-5.0,30.0,Domestic,,Good,,Poor,10,10,1,Good,Good,0,No,Satisfied,Maybe,No,Long Security Check,WiFi was not working.,Aisle,None,Yes,Yes,,Airport Counter,No,No,Yes,No,Sometimes,Bangalore - Hyderabad,Net Banking,IndiGo 6E Rewards
169,44.0,X,,Other,,Vistara,Economy,,Kochi,Lucknow,-10.0,-5.0,11.134269216169947,Domestic,Poor,6,6,6,3,0,0,0,0,,Yes,Happy,,No,Broken Entertainment System,Good,Aisle,Silver,,No,,Airport Counter,,Yes,Pending,Yes,Yes,Delhi - Mumbai,UPI,SpiceClub
170,75.0,Female,,Other,,TruJet,Economy,-50.0,Pune,Bhubaneswar,158.0,150.0,-2.0,Domestic,,Poor,0,0,,10,6,6,2,Unavailable,Yes,Satisfied,No,N/A,Service,WiFi was not working.,Middle,Platinum,Yes,Yes,,Airport Counter,Yes,Yes,Yes,Yes,Yes,Bangalore - Hyderabad,Debit Card,SpiceClub
171,-5.0,,,Business,629,AirAsia India,First Class,560.0,Ahmedabad,Delhi,-10.0,,9.954219268319289,Domestic,0,10,Good,0,,Poor,3,0,3,5,No,,Maybe,,Unhygienic Toilets,Great service!,,None,No,Yes,,Travel Agency,No,Yes,Pending,No,Sometimes,Chennai - Kolkata,Debit Card,Club Vistara
172,25.0,Other,,Business,518,TruJet,Economy,,Kolkata,Mumbai,-10.0,,-2.0,Domestic,6,10,Good,0,,6,6,10,,,No,Dissatisfied,Yes,,Delay,Great service!,Middle,Gold,Yes,Yes,No,Mobile App,No,No,Yes,No,Sometimes,None,Debit Card,SpiceClub
173,,Unknown,Indien,Family,141,Vistara,First Class,100000.0,Lucknow,Lucknow,-10.0,104.0,-2.0,Domestic,5,,,2,6,10,,10,Good,Unavailable,Yes,Neutral,No,,Turbulence,Loved the flight.,Aisle,Silver,No,Yes,Yes,Travel Agency,No,No,No,Yes,No,Pune - Delhi,UPI,SpiceClub
174,150.0,,Indian,Leisure,AI775,TruJet,Economy,968.0,Chennai,Ahmedabad,1500.0,9.0,-2.0,Domestic,Good,6,,10,6,,Good,,Good,,Yes,,,No,Turbulence,Bad,Middle,Platinum,No,Yes,,Travel Agency,,No,Yes,No,Sometimes,Delhi - Mumbai,Cash at Airport,Club Vistara
175,71.0,,,Business,AI558,Indigo,First Class,-50.0,Lucknow,Lucknow,,,-2.0,Domestic,10,Good,3,,Poor,6,Good,,Good,Unavailable,No,,Yes,,Turbulence,Good,Aisle,Gold,Yes,No,No,Airport Counter,No,No,Pending,Yes,Yes,Pune - Delhi,Credit Card,Club Vistara
176,-5.0,,Ind,,AI129,AirAsia India,First Class,-50.0,Bhubaneswar,Chennai,65.0,155.0,-2.0,Domestic,Poor,2,0,6,Good,Good,6,,4,2,Yes,Dissatisfied,Yes,Yes,Food,Bad,Aisle,Gold,,No,Yes,Mobile App,Yes,No,No,No,Sometimes,Chennai - Kolkata,UPI,Club Vistara
177,150.0,X,Ind,Business,,SpiceJet,First Class,,Lucknow,Bangalore,1500.0,,30.0,Domestic,10,Poor,0,Poor,,Good,5,6,0,0,Yes,Neutral,Maybe,N/A,Unhygienic Toilets,Loved the flight.,,None,,No,No,Online,,No,Yes,Yes,No,Chennai - Kolkata,Cash at Airport,Flying Returns (Air India)
178,,Male,Indien,Leisure,AI411,SpiceJet,Economy,-50.0,Mumbai,Guwahati,1500.0,2000.0,9.373198529326828,Domestic,10,2,0,Poor,Poor,Poor,0,10,0,,Yes,Neutral,No,No,,Good,,Gold,,Yes,Yes,Airport Counter,No,Yes,Pending,No,Sometimes,Bangalore - Hyderabad,Credit Card,SpiceClub
179,,Other,,Family,854,TruJet,Economy,100000.0,Chennai,Chennai,-10.0,2000.0,,International,,6,0,,10,Good,6,3,0,Unavailable,No,Neutral,Yes,,Food,Good,,Gold,,Yes,No,Mobile App,No,No,No,Yes,Sometimes,None,Credit Card,Flying Returns (Air India)
180,-5.0,Male,,,,Akasa Air,Business,734.0,Guwahati,Lucknow,-10.0,,9.070399609575299,Domestic,10,1,Good,10,0,1,0,,Poor,2,Yes,Dissatisfied,Yes,No,Broken Entertainment System,Food was cold.,Middle,Gold,Yes,Yes,Yes,Online,No,Yes,No,Yes,No,Bangalore - Hyderabad,Debit Card,SpiceClub
181,69.0,Unknown,,Family,761,Vistara,First Class,,Lucknow,Pune,1500.0,-5.0,5.127428458127585,International,6,0,Poor,,10,Good,Poor,10,0,2,Yes,Happy,Yes,N/A,,Bad,Middle,Platinum,No,Yes,No,Mobile App,No,Yes,Yes,Yes,No,Pune - Delhi,UPI,None
182,,,Ind,Other,709,Alliance Air,Economy,1488.0,Bangalore,Jaipur,1500.0,,,International,10,Poor,0,0,6,6,4,3,Poor,,Yes,Satisfied,Maybe,No,Food,Loved the flight.,Window,Platinum,,No,Yes,Travel Agency,Yes,No,Pending,No,Sometimes,Pune - Delhi,UPI,SpiceClub
183,,Female,,Vacation,AI783,TruJet,Business,,Bhubaneswar,Kochi,,-5.0,30.0,Domestic,0,Poor,,0,Good,6,Good,,Good,4,Yes,Dissatisfied,Maybe,N/A,Long Security Check,Great service!,Aisle,None,No,No,,Travel Agency,Yes,No,Pending,No,No,Delhi - Mumbai,Cash at Airport,Club Vistara
184,-5.0,,Ind,Other,858,Indigo,Economy,298.0,Guwahati,Lucknow,-10.0,-5.0,-2.0,Domestic,Poor,10,Good,Poor,Good,,0,6,10,Unavailable,No,Satisfied,Maybe,,Turbulence,Terrible experience.,Window,None,,No,Yes,Airport Counter,Yes,Yes,No,No,Sometimes,None,UPI,None
185,37.0,Other,,Vacation,,GoAir,Business,1935.0,Guwahati,Hyderabad,-10.0,2000.0,30.0,Domestic,Poor,4,2,6,Good,Good,5,0,10,,Yes,,,No,Other,Terrible experience.,Middle,Silver,Yes,No,Yes,Airport Counter,No,No,No,Yes,Sometimes,Chennai - Kolkata,UPI,Flying Returns (Air India)
186,150.0,X,,,AI365,Vistara,First Class,100000.0,Bangalore,Bangalore,1500.0,,30.0,Domestic,1,10,6,0,6,10,0,0,5,1,No,Neutral,Yes,No,Broken Entertainment System,Terrible experience.,Aisle,Silver,No,No,,Online,No,No,Yes,Yes,Yes,Delhi - Mumbai,Credit Card,Flying Returns (Air India)
187,79.0,Male,,,AI168,SpiceJet,First Class,-50.0,Hyderabad,Mumbai,1500.0,18.0,,Domestic,6,10,10,6,Good,,,6,10,,No,Happy,Maybe,,Service,12345,,None,Yes,Yes,Yes,Online,,Yes,Pending,No,Sometimes,Delhi - Mumbai,Debit Card,Club Vistara
188,79.0,X,,Family,,SpiceJet,First Class,-50.0,Jaipur,Bangalore,-10.0,2000.0,30.0,Domestic,Poor,Poor,Poor,Good,,6,Good,10,10,0,No,Happy,Maybe,Yes,,Loved the flight.,,Gold,Yes,No,No,Online,Yes,No,Yes,No,No,Pune - Delhi,Cash at Airport,Flying Returns (Air India)
189,-5.0,X,Indian,Other,,Air India,First Class,-50.0,Ahmedabad,Ahmedabad,96.0,-5.0,,International,0,0,,0,4,6,,Good,Good,,Yes,Dissatisfied,Maybe,No,Long Security Check,,Window,Platinum,,No,,Online,No,Yes,Yes,Yes,Sometimes,Delhi - Mumbai,UPI,SpiceClub
190,76.0,,,Other,100,TruJet,Business,-50.0,Bhubaneswar,Ahmedabad,-10.0,-5.0,-2.0,Domestic,,,,Poor,6,3,,0,,0,Yes,Happy,,No,Food,Loved the flight.,Middle,Gold,No,No,,Travel Agency,No,Yes,Yes,Yes,Sometimes,None,Net Banking,None
191,24.0,Female,Indien,Business,AI239,Alliance Air,First Class,785.0,Bhubaneswar,Hyderabad,6.0,2000.0,8.609149120124442,Domestic,Good,Good,Poor,10,0,4,10,Poor,,,Yes,Neutral,No,,Unhygienic Toilets,WiFi was not working.,,Platinum,No,Yes,Yes,Airport Counter,No,No,No,No,Sometimes,Delhi - Mumbai,Debit Card,Flying Returns (Air India)
192,150.0,,,Leisure,AI790,Indigo,First Class,100000.0,Bhubaneswar,Bhubaneswar,176.0,,,International,10,,Good,Poor,Good,Good,10,6,10,0,No,,Yes,Yes,Food,Loved the flight.,Window,Silver,No,No,No,Online,,Yes,Yes,Yes,Yes,Pune - Delhi,Cash at Airport,Club Vistara
193,-5.0,Female,Indian,Family,,TruJet,First Class,-50.0,Chennai,Ahmedabad,-10.0,103.0,-2.0,Domestic,0,,3,Good,10,,Good,6,Good,1,Yes,Happy,,,Bad Experience,Food was cold.,Aisle,Silver,,Yes,,Online,,Yes,Yes,Yes,Sometimes,Bangalore - Hyderabad,Net Banking,Club Vistara
194,-5.0,Female,Ind,Other,569,AirAsia India,Economy,,Bhubaneswar,Guwahati,1500.0,125.0,,Domestic,4,Poor,2,2,,10,,0,10,4,No,Neutral,No,No,,Food was cold.,Window,None,,Yes,Yes,Online,Yes,Yes,Pending,No,Sometimes,Delhi - Mumbai,Credit Card,SpiceClub
195,-5.0,Female,Ind,Leisure,,Vistara,First Class,-50.0,Hyderabad,Bangalore,,,9.165773788807048,International,6,0,Good,Poor,6,0,Poor,,10,4,Yes,Satisfied,Yes,Yes,Other,Food was cold.,Window,None,Yes,No,,Travel Agency,,No,Yes,Yes,Yes,Delhi - Mumbai,Credit Card,None
196,,X,,Vacation,225,TruJet,Economy,-50.0,Hyderabad,Guwahati,99.0,-5.0,30.0,Domestic,6,,6,Poor,5,6,,10,0,2,Yes,Dissatisfied,No,,Bad Experience,Terrible experience.,Aisle,None,Yes,No,,Mobile App,No,No,Yes,No,No,Pune - Delhi,Credit Card,Club Vistara
197,-5.0,Unknown,,Business,925,Indigo,Business,1441.0,Jaipur,Kochi,,115.0,-2.0,International,Good,4,3,10,Good,10,0,10,2,0,Yes,Neutral,No,N/A,Other,WiFi was not working.,Aisle,Platinum,,No,Yes,Online,Yes,No,Pending,Yes,No,Delhi - Mumbai,Credit Card,IndiGo 6E Rewards
198,150.0,Other,Indian,Leisure,,Akasa Air,Business,,Kochi,Guwahati,,,30.0,International,Good,10,6,Poor,0,4,0,10,3,0,Yes,Happy,,Yes,,Loved the flight.,Aisle,Silver,No,No,Yes,Online,No,No,Yes,No,No,Chennai - Kolkata,Cash at Airport,SpiceClub
199,,Male,,Vacation,253,TruJet,Business,-50.0,Bangalore,Mumbai,,2000.0,1.9742571355459027,International,10,6,6,Poor,Good,1,,1,Poor,1,No,Happy,Maybe,No,Bad Experience,Terrible experience.,Middle,None,Yes,Yes,,Online,Yes,Yes,Pending,No,No,Delhi - Mumbai,Cash at Airport,SpiceClub
200,,Unknown,Indian,Leisure,AI615,Akasa Air,Economy,,Bangalore,Mumbai,75.0,43.0,30.0,Domestic,10,1,Good,0,6,Poor,6,Good,6,2,No,Satisfied,No,No,Long Security Check,12345,,Gold,No,No,,Mobile App,No,Yes,No,No,Yes,Chennai - Kolkata,Credit Card,SpiceClub
201,21.0,Other,,,278,SpiceJet,Economy,-50.0,Delhi,Kochi,131.0,,9.428490966776588,Domestic,,5,10,10,Poor,Poor,Poor,6,10,1,No,Happy,Maybe,Yes,Long Security Check,Great service!,Window,None,,No,Yes,Travel Agency,No,Yes,Pending,Yes,Yes,Chennai - Kolkata,Cash at Airport,Flying Returns (Air India)
202,,Male,Ind,Family,,GoAir,Business,100000.0,Hyderabad,Hyderabad,,,30.0,Domestic,2,Poor,4,,10,,0,5,,,Yes,Neutral,No,N/A,Long Security Check,Terrible experience.,Aisle,None,No,Yes,Yes,Airport Counter,Yes,Yes,No,No,No,Chennai - Kolkata,UPI,None
203,,Other,,,,Alliance Air,First Class,,Kolkata,Chennai,114.0,,,Domestic,Poor,10,0,Poor,10,Poor,,6,6,0,Yes,Neutral,Yes,N/A,Bad Experience,,Middle,Silver,Yes,No,Yes,Travel Agency,,No,Yes,No,Sometimes,Delhi - Mumbai,Debit Card,None
204,58.0,X,,Leisure,,SpiceJet,Business,,Lucknow,Mumbai,1500.0,2000.0,30.0,International,Poor,Good,6,,Good,Poor,Poor,0,0,,No,Happy,Yes,Yes,Bad Experience,WiFi was not working.,Middle,Platinum,Yes,Yes,No,Travel Agency,No,Yes,Pending,No,Yes,None,Debit Card,SpiceClub
205,,,Ind,Vacation,892,Vistara,Business,2376.0,Ahmedabad,Pune,-10.0,2000.0,30.0,International,0,10,0,6,Good,Poor,10,0,0,0,Yes,Dissatisfied,Maybe,,,WiFi was not working.,Middle,Gold,No,Yes,Yes,Travel Agency,,No,Pending,Yes,No,Delhi - Mumbai,UPI,Flying Returns (Air India)
206,,Male,,Business,AI661,GoAir,Business,311.0,Lucknow,Delhi,,-5.0,,International,Good,Good,6,10,Good,,3,3,Good,0,No,Dissatisfied,,No,Unhygienic Toilets,Loved the flight.,Window,None,Yes,No,Yes,Airport Counter,No,Yes,No,No,Yes,Bangalore - Hyderabad,Credit Card,IndiGo 6E Rewards
207,-5.0,X,Indien,Other,,AirAsia India,First Class,-50.0,Kolkata,Hyderabad,-10.0,8.0,30.0,Domestic,5,,0,Poor,Good,Poor,Poor,Good,0,0,No,Neutral,Maybe,N/A,Food,WiFi was not working.,,None,Yes,No,,Mobile App,Yes,No,Yes,Yes,No,Chennai - Kolkata,Debit Card,Club Vistara
208,-5.0,Unknown,,Family,707,GoAir,Business,2835.0,Bhubaneswar,Kolkata,1500.0,2000.0,30.0,International,10,,5,Good,10,Good,6,,10,3,Yes,Neutral,No,No,Other,Good,Aisle,None,,No,No,Airport Counter,Yes,No,Yes,No,Sometimes,Delhi - Mumbai,Cash at Airport,Flying Returns (Air India)
209,-5.0,Other,Indian,Vacation,AI729,Indigo,Business,2445.0,Mumbai,Kochi,1500.0,-5.0,11.707654387625393,Domestic,6,5,Good,6,3,0,Good,6,Good,0,No,Neutral,Maybe,N/A,Delay,Food was cold.,,Platinum,,No,Yes,Mobile App,,Yes,No,No,Yes,Bangalore - Hyderabad,Debit Card,IndiGo 6E Rewards
210,-5.0,Female,,,,GoAir,Economy,,Mumbai,Kochi,,-5.0,30.0,Domestic,Poor,0,6,Good,3,,0,0,Good,0,No,,Maybe,No,,Great service!,Middle,Platinum,Yes,No,Yes,Mobile App,No,Yes,Yes,Yes,Sometimes,Chennai - Kolkata,Cash at Airport,Club Vistara
211,,X,,Other,AI525,TruJet,Economy,-50.0,Lucknow,Jaipur,1500.0,-5.0,9.54249328809009,Domestic,1,Good,6,3,6,5,0,2,0,,No,Happy,Yes,Yes,,12345,Aisle,Platinum,No,Yes,Yes,Online,No,Yes,No,No,No,Pune - Delhi,UPI,None
212,-5.0,X,,Leisure,,Vistara,Economy,2101.0,Guwahati,Ahmedabad,1500.0,-5.0,10.288111069338662,International,0,,0,Good,6,Poor,1,0,6,0,Yes,Happy,,Yes,Food,Bad,Middle,Platinum,No,No,Yes,Online,Yes,No,Yes,Yes,Yes,Pune - Delhi,UPI,Flying Returns (Air India)
213,40.0,,,Business,,SpiceJet,Business,,Bhubaneswar,Guwahati,,2000.0,-2.0,Domestic,Good,,10,1,,,0,Good,5,Unavailable,Yes,Dissatisfied,No,,Bad Experience,Good,Aisle,Gold,No,No,No,Airport Counter,No,Yes,Yes,No,No,None,UPI,None
214,150.0,Unknown,Indian,Other,375,Air India,First Class,,Bhubaneswar,Jaipur,28.0,,-2.0,International,0,10,Poor,10,10,Poor,,0,Poor,Unavailable,Yes,Happy,Yes,N/A,Delay,Food was cold.,Middle,None,,No,Yes,Airport Counter,Yes,Yes,Pending,Yes,No,Pune - Delhi,UPI,Flying Returns (Air India)
215,,Female,,Leisure,289,Akasa Air,First Class,100000.0,Bangalore,Pune,1500.0,-5.0,30.0,Domestic,10,10,3,6,0,10,,,10,,Yes,Happy,Maybe,No,Bad Experience,Good,Aisle,Gold,,Yes,,Airport Counter,Yes,No,No,Yes,No,Pune - Delhi,Debit Card,Flying Returns (Air India)
216,27.0,Male,Indian,,AI708,TruJet,First Class,100000.0,Bhubaneswar,Kochi,-10.0,,,Domestic,Poor,,6,6,Good,Good,Poor,0,Good,,No,,,Yes,Other,Loved the flight.,Aisle,Platinum,,Yes,No,Travel Agency,,No,Pending,Yes,Yes,Bangalore - Hyderabad,Credit Card,None
217,50.0,Male,Indian,Other,,Akasa Air,Business,100000.0,Kolkata,Pune,1500.0,,7.525272722752578,International,,,6,Good,Poor,6,10,0,2,Unavailable,Yes,Neutral,Maybe,N/A,,Food was cold.,,None,No,Yes,Yes,Travel Agency,Yes,No,No,Yes,Sometimes,Pune - Delhi,UPI,Flying Returns (Air India)
218,150.0,,Indien,Business,,TruJet,Business,1713.0,Hyderabad,Mumbai,146.0,2000.0,-2.0,International,6,3,6,6,Good,Poor,Poor,3,5,Unavailable,No,Happy,No,Yes,,,Middle,Silver,No,Yes,Yes,Travel Agency,No,Yes,Pending,No,Sometimes,Pune - Delhi,Credit Card,Flying Returns (Air India)
219,-5.0,Male,,Vacation,255,Vistara,Business,,Bhubaneswar,Ahmedabad,-10.0,2000.0,4.278334514734103,International,Good,10,Good,Good,Good,Poor,Poor,,6,Unavailable,Yes,,Yes,Yes,,Great service!,Aisle,Platinum,,Yes,No,Airport Counter,No,Yes,No,No,No,Delhi - Mumbai,Credit Card,Flying Returns (Air India)
220,-5.0,,Ind,Family,,GoAir,First Class,,Chennai,Mumbai,-10.0,-5.0,,International,Poor,Poor,6,Poor,3,Good,10,4,Poor,0,No,Satisfied,No,Yes,Delay,WiFi was not working.,Middle,Silver,,Yes,No,Travel Agency,,No,No,Yes,Sometimes,Pune - Delhi,Cash at Airport,Flying Returns (Air India)
221,150.0,Female,Indian,Other,AI382,TruJet,Business,100000.0,Pune,Delhi,42.0,2000.0,,International,0,4,,10,10,6,4,Good,Poor,Unavailable,No,Satisfied,No,,Turbulence,Loved the flight.,,Gold,No,Yes,Yes,Online,No,No,Pending,No,Yes,Pune - Delhi,UPI,Club Vistara
222,150.0,Other,Indian,Business,,AirAsia India,Business,100000.0,Bhubaneswar,Chennai,-10.0,-5.0,2.572352057941055,Domestic,,5,0,0,6,,6,3,2,0,Yes,Satisfied,Yes,Yes,Long Security Check,Loved the flight.,Aisle,Platinum,No,Yes,No,Mobile App,Yes,No,No,Yes,No,None,UPI,SpiceClub
223,29.0,,,Vacation,459,Alliance Air,First Class,-50.0,Mumbai,Bhubaneswar,,2000.0,,International,Poor,0,6,Good,Poor,0,Poor,6,5,Unavailable,No,Happy,Yes,N/A,,WiFi was not working.,Aisle,Platinum,No,Yes,,Travel Agency,Yes,Yes,Yes,Yes,Sometimes,Chennai - Kolkata,Cash at Airport,Flying Returns (Air India)
224,150.0,,,Other,934,Alliance Air,First Class,,Kolkata,Bangalore,170.0,2000.0,30.0,International,3,Poor,0,1,Good,6,0,6,0,0,No,Happy,No,N/A,Food,Great service!,,Silver,Yes,No,,Mobile App,Yes,Yes,No,Yes,Sometimes,Pune - Delhi,Credit Card,Club Vistara
225,-5.0,Female,Indian,Business,,Alliance Air,Economy,100000.0,Guwahati,Kochi,,,,Domestic,0,Poor,Good,,6,0,0,6,6,0,No,Neutral,,,Long Security Check,WiFi was not working.,Aisle,Gold,Yes,Yes,No,Online,No,No,No,No,Yes,None,Cash at Airport,Club Vistara
226,150.0,Male,Indien,,,Vistara,Economy,2625.0,Jaipur,Chennai,1500.0,-5.0,7.68743652965044,International,1,,6,,10,10,0,0,0,,No,Happy,Maybe,N/A,Other,Good,Aisle,Platinum,,No,No,Travel Agency,,Yes,No,Yes,Yes,None,Cash at Airport,Club Vistara
227,,Female,,Family,516,GoAir,Business,100000.0,Guwahati,Hyderabad,1500.0,-5.0,-2.0,International,10,10,1,0,Good,3,Good,Good,4,0,No,Neutral,Maybe,Yes,Delay,Loved the flight.,,None,Yes,No,,Airport Counter,No,Yes,Yes,Yes,No,Pune - Delhi,Net Banking,Flying Returns (Air India)
228,,X,,Other,663,TruJet,Economy,-50.0,Guwahati,Mumbai,1500.0,164.0,30.0,Domestic,6,3,0,Poor,Poor,,Good,10,Good,1,Yes,Satisfied,Maybe,,Bad Experience,Terrible experience.,Aisle,Silver,,No,,Online,Yes,Yes,Pending,No,Sometimes,Chennai - Kolkata,Cash at Airport,None
229,30.0,Male,Indian,Vacation,,SpiceJet,Economy,1909.0,Bhubaneswar,Lucknow,1500.0,,30.0,Domestic,Good,Poor,,6,,3,0,Poor,,,Yes,Happy,Maybe,,Turbulence,WiFi was not working.,Middle,None,Yes,Yes,Yes,Airport Counter,,Yes,No,No,Yes,Bangalore - Hyderabad,Debit Card,Club Vistara
230,150.0,Unknown,,Business,AI276,Akasa Air,Business,100000.0,Bangalore,Kolkata,1500.0,-5.0,-2.0,Domestic,0,2,Good,10,Good,6,Poor,0,6,5,No,Happy,Yes,No,Long Security Check,Terrible experience.,Window,None,No,Yes,Yes,Mobile App,No,Yes,Pending,Yes,Sometimes,Chennai - Kolkata,Credit Card,None
231,,Female,Ind,Other,,Air India,First Class,100000.0,Mumbai,Kolkata,-10.0,-5.0,6.505765042406551,Domestic,3,6,,0,0,0,4,,10,0,Yes,,,No,Long Security Check,Food was cold.,Middle,Gold,,No,No,Airport Counter,No,Yes,Yes,No,Sometimes,None,Cash at Airport,Club Vistara
232,-5.0,Male,,,,Akasa Air,Economy,,Chennai,Mumbai,134.0,-5.0,30.0,Domestic,0,5,0,Poor,,,,,0,0,Yes,Satisfied,,,Food,Loved the flight.,Window,Gold,,No,,Travel Agency,,No,Pending,Yes,No,Chennai - Kolkata,UPI,Flying Returns (Air India)
233,150.0,Other,Indian,Other,,AirAsia India,First Class,-50.0,Kochi,Pune,-10.0,,,Domestic,Good,,Good,,Poor,,3,Poor,10,1,No,,,No,Long Security Check,WiFi was not working.,Middle,Gold,,No,No,Airport Counter,No,Yes,Yes,Yes,Sometimes,Bangalore - Hyderabad,Credit Card,SpiceClub
234,22.0,Unknown,Indian,Other,AI928,SpiceJet,First Class,100000.0,Mumbai,Jaipur,156.0,108.0,,International,0,10,Poor,0,,Poor,Poor,6,10,,Yes,Happy,Yes,No,,Loved the flight.,,Gold,No,Yes,No,Travel Agency,,Yes,Pending,No,Sometimes,None,Debit Card,Club Vistara
235,21.0,X,,Family,,GoAir,Economy,100000.0,Jaipur,Mumbai,-10.0,,-2.0,International,4,6,,Poor,10,6,10,Poor,10,0,Yes,Dissatisfied,No,,Other,Food was cold.,Aisle,Silver,Yes,No,,Online,Yes,No,Pending,Yes,Yes,None,Cash at Airport,IndiGo 6E Rewards
236,21.0,X,,Family,AI866,TruJet,First Class,-50.0,Chennai,Kolkata,17.0,-5.0,6.9444492715774855,International,10,,0,,6,0,Good,,4,0,No,Neutral,Maybe,Yes,Broken Entertainment System,Great service!,,Platinum,,No,Yes,Airport Counter,Yes,No,Yes,Yes,No,Bangalore - Hyderabad,Cash at Airport,IndiGo 6E Rewards
237,53.0,,Ind,Business,733,GoAir,Business,1321.0,Ahmedabad,Jaipur,1500.0,-5.0,-2.0,Domestic,3,0,6,Good,6,Poor,4,10,6,Unavailable,Yes,Happy,Yes,N/A,Long Security Check,Bad,Window,Silver,No,No,Yes,Airport Counter,No,Yes,Pending,No,No,Delhi - Mumbai,Cash at Airport,IndiGo 6E Rewards
238,51.0,Other,Indien,,138,Indigo,First Class,100000.0,Mumbai,Ahmedabad,-10.0,113.0,-2.0,Domestic,Poor,3,3,,10,0,0,Good,10,1,No,Satisfied,Yes,,,Great service!,,Silver,,Yes,Yes,Mobile App,Yes,No,Pending,No,No,None,Debit Card,Flying Returns (Air India)
239,,,Indian,,AI851,Indigo,Economy,-50.0,Kochi,Lucknow,28.0,2000.0,-2.0,International,10,Good,,2,Good,0,,Good,,0,Yes,Neutral,Yes,Yes,Delay,Good,Aisle,Platinum,,Yes,Yes,Online,,Yes,Pending,No,Sometimes,Pune - Delhi,Net Banking,IndiGo 6E Rewards
240,-5.0,,Ind,Business,,GoAir,First Class,2149.0,Bangalore,Pune,-10.0,94.0,,International,10,,Good,10,3,5,Good,3,10,0,Yes,Happy,Yes,Yes,Unhygienic Toilets,Food was cold.,Middle,None,,No,,Travel Agency,Yes,No,Yes,No,No,Delhi - Mumbai,UPI,Club Vistara
241,150.0,Female,,Business,534,Alliance Air,First Class,100000.0,Chennai,Kolkata,1500.0,49.0,,International,Poor,6,6,10,6,6,6,6,,0,No,Satisfied,,N/A,Food,Good,,Platinum,Yes,No,Yes,Online,No,Yes,Pending,No,Yes,None,UPI,Club Vistara
242,79.0,Unknown,Indian,Vacation,564,TruJet,First Class,,Lucknow,Hyderabad,136.0,2000.0,8.937129415744158,Domestic,Poor,0,Poor,0,0,,Good,10,Good,2,No,,,N/A,Bad Experience,Great service!,Aisle,Silver,,No,,Mobile App,No,Yes,Yes,No,No,Pune - Delhi,Credit Card,Club Vistara
243,150.0,Unknown,,,811,Indigo,Business,637.0,Chennai,Kochi,74.0,2000.0,,International,Poor,6,Poor,3,0,Good,10,,5,0,Yes,Satisfied,,,Bad Experience,,Middle,Platinum,No,No,,Travel Agency,Yes,Yes,Pending,Yes,Sometimes,Pune - Delhi,UPI,None
244,65.0,Other,Ind,Vacation,393,TruJet,Business,2512.0,Lucknow,Bhubaneswar,160.0,21.0,30.0,Domestic,Poor,,0,10,Poor,,Poor,10,Good,0,Yes,Happy,,,,Great service!,Window,None,,No,Yes,Mobile App,Yes,No,Pending,No,Yes,Bangalore - Hyderabad,Net Banking,IndiGo 6E Rewards
245,-5.0,X,,,274,Indigo,Economy,,Bangalore,Kochi,12.0,-5.0,30.0,Domestic,Good,6,Poor,,,Poor,Poor,Poor,6,0,Yes,Neutral,No,,Turbulence,Bad,Window,Silver,Yes,Yes,,Travel Agency,Yes,No,Yes,No,No,Delhi - Mumbai,Credit Card,None
246,,Other,,Vacation,AI166,Air India,First Class,1061.0,Mumbai,Delhi,,-5.0,30.0,International,10,10,6,10,10,6,Poor,Good,,Unavailable,No,Satisfied,No,,Service,Food was cold.,Middle,None,Yes,Yes,Yes,Online,Yes,Yes,Yes,No,Sometimes,Chennai - Kolkata,UPI,IndiGo 6E Rewards
247,-5.0,Male,Indian,Family,976,TruJet,First Class,,Guwahati,Kolkata,-10.0,-5.0,2.7596938760667666,International,2,0,Good,0,Good,Poor,10,Poor,Good,0,No,Dissatisfied,No,N/A,Broken Entertainment System,Terrible experience.,Middle,Gold,Yes,Yes,,Mobile App,No,Yes,No,Yes,Sometimes,Chennai - Kolkata,Net Banking,SpiceClub
248,-5.0,Female,,Leisure,AI825,AirAsia India,Business,,Bhubaneswar,Lucknow,1500.0,86.0,-2.0,International,Good,0,6,6,,5,10,0,Poor,Unavailable,Yes,Dissatisfied,Maybe,N/A,Long Security Check,Bad,Middle,Silver,No,Yes,,Airport Counter,,Yes,No,Yes,No,Delhi - Mumbai,UPI,SpiceClub
249,-5.0,,Indian,Leisure,AI231,GoAir,Business,2014.0,Bhubaneswar,Delhi,-10.0,2000.0,-2.0,International,,10,,6,Poor,Good,5,Poor,6,Unavailable,Yes,Happy,Maybe,Yes,Bad Experience,Good,,None,Yes,No,Yes,Travel Agency,Yes,Yes,Yes,No,Sometimes,Chennai - Kolkata,Debit Card,Club Vistara
250,150.0,X,,Family,998,Alliance Air,Business,-50.0,Kochi,Bhubaneswar,115.0,2000.0,30.0,International,Good,10,0,1,10,6,,Poor,Good,,Yes,Happy,Maybe,N/A,Unhygienic Toilets,Loved the flight.,,Gold,Yes,Yes,,Online,,Yes,Pending,Yes,Yes,Delhi - Mumbai,Debit Card,None
251,70.0,Unknown,Ind,Business,AI398,Indigo,Economy,2151.0,Bhubaneswar,Hyderabad,,-5.0,,Domestic,Good,1,3,Poor,2,Good,3,10,0,Unavailable,Yes,Satisfied,No,No,Turbulence,Terrible experience.,Aisle,Gold,,No,Yes,Airport Counter,Yes,Yes,No,No,No,Pune - Delhi,Debit Card,Flying Returns (Air India)
252,150.0,Female,Ind,Leisure,AI154,Vistara,First Class,1076.0,Guwahati,Lucknow,1500.0,2000.0,30.0,International,Good,,Good,6,,,Good,Poor,4,,No,,Maybe,No,Turbulence,Great service!,Aisle,Platinum,Yes,No,No,Online,Yes,Yes,Yes,Yes,Sometimes,Pune - Delhi,UPI,None
253,21.0,Male,,,,Alliance Air,First Class,100000.0,Chennai,Kolkata,13.0,2000.0,,International,6,,10,Poor,Good,5,Poor,10,0,,Yes,,No,,Other,Good,Window,None,Yes,No,,Online,,No,Yes,Yes,No,Delhi - Mumbai,Debit Card,Club Vistara
254,-5.0,Male,,,,Alliance Air,First Class,100000.0,Kolkata,Bhubaneswar,,79.0,,Domestic,1,0,,4,0,6,,,Good,0,Yes,Satisfied,Yes,Yes,Broken Entertainment System,Bad,Aisle,None,Yes,Yes,No,Online,No,No,Yes,Yes,No,Bangalore - Hyderabad,Net Banking,SpiceClub
255,66.0,Female,,Business,934,Air India,Economy,-50.0,Delhi,Hyderabad,-10.0,,-2.0,International,0,6,10,0,0,10,,6,,4,No,Satisfied,Yes,,Bad Experience,12345,,None,No,Yes,Yes,Airport Counter,No,No,No,Yes,Yes,Delhi - Mumbai,UPI,Flying Returns (Air India)
256,150.0,Other,Indian,,AI519,TruJet,First Class,794.0,Hyderabad,Hyderabad,1500.0,2000.0,30.0,Domestic,4,6,Poor,Poor,2,6,Poor,4,Poor,1,No,Happy,No,,Unhygienic Toilets,,Aisle,None,No,Yes,,Travel Agency,No,Yes,No,Yes,No,None,Cash at Airport,None
257,-5.0,Male,Indien,Family,,AirAsia India,Business,100000.0,Bangalore,Kochi,-10.0,73.0,,Domestic,Poor,0,Good,10,Good,,10,,0,2,Yes,,,No,Broken Entertainment System,WiFi was not working.,Window,Gold,No,Yes,No,Mobile App,No,Yes,No,No,Yes,Delhi - Mumbai,Net Banking,IndiGo 6E Rewards
258,,Unknown,,Leisure,,Akasa Air,Economy,,Bangalore,Bangalore,,-5.0,-2.0,International,Poor,5,1,6,Good,Poor,6,,,Unavailable,No,Dissatisfied,Maybe,Yes,Food,Food was cold.,Middle,Platinum,No,Yes,,Online,No,No,No,Yes,Sometimes,Chennai - Kolkata,Debit Card,None
259,49.0,Female,,,183,Indigo,Business,100000.0,Ahmedabad,Delhi,174.0,2000.0,,Domestic,6,10,Good,Poor,0,5,6,Good,0,,No,Dissatisfied,Yes,Yes,Long Security Check,WiFi was not working.,Aisle,None,No,Yes,No,Airport Counter,Yes,Yes,No,Yes,Yes,Delhi - Mumbai,UPI,Club Vistara
260,,X,,,411,Air India,First Class,,Jaipur,Jaipur,1500.0,108.0,-2.0,Domestic,0,5,6,10,1,10,4,Poor,6,Unavailable,No,Dissatisfied,,No,,12345,Middle,None,,No,,Travel Agency,,No,No,No,Yes,Chennai - Kolkata,Net Banking,SpiceClub
261,-5.0,X,,Family,248,GoAir,Economy,100000.0,Ahmedabad,Hyderabad,1500.0,,,Domestic,6,6,3,Good,10,4,0,0,2,,No,Happy,,,Delay,Good,,Silver,,Yes,No,Online,,No,Pending,No,Sometimes,Chennai - Kolkata,Net Banking,None
262,150.0,X,,Other,,Indigo,Business,-50.0,Ahmedabad,Bhubaneswar,-10.0,2000.0,30.0,International,,6,,Good,0,,0,6,6,2,Yes,Dissatisfied,Yes,,Long Security Check,12345,Window,None,,No,,Travel Agency,,Yes,Pending,No,No,Delhi - Mumbai,Cash at Airport,IndiGo 6E Rewards
263,80.0,X,,Other,AI170,Indigo,Business,100000.0,Hyderabad,Bangalore,-10.0,-5.0,,International,0,6,Poor,6,0,3,,6,Good,,No,Neutral,Yes,No,Bad Experience,Loved the flight.,Window,Silver,Yes,Yes,No,Airport Counter,Yes,Yes,No,No,Yes,None,Net Banking,Club Vistara
264,150.0,Other,Indien,Other,,Vistara,Economy,100000.0,Pune,Jaipur,1500.0,2000.0,-2.0,International,1,,6,6,Poor,10,,Poor,Good,0,Yes,Satisfied,,,Delay,WiFi was not working.,Window,Silver,Yes,No,,Mobile App,,Yes,Pending,Yes,Yes,None,Cash at Airport,Flying Returns (Air India)
265,,Unknown,Indien,Family,446,Indigo,Economy,100000.0,Lucknow,Lucknow,-10.0,,-2.0,International,,0,,0,,,0,2,0,1,No,Satisfied,Yes,,Bad Experience,,Middle,Platinum,,No,,Online,No,No,Yes,No,Yes,Bangalore - Hyderabad,Net Banking,None
266,,Male,Indien,,AI636,TruJet,First Class,2807.0,Bhubaneswar,Bangalore,86.0,3.0,30.0,Domestic,,Poor,10,,10,10,10,Good,,,No,,No,N/A,Food,Loved the flight.,Aisle,Gold,Yes,No,,Travel Agency,Yes,Yes,No,Yes,No,Chennai - Kolkata,UPI,Flying Returns (Air India)
267,37.0,,Indien,Family,,GoAir,First Class,1676.0,Mumbai,Ahmedabad,-10.0,,30.0,Domestic,0,3,0,2,,10,Poor,Poor,Poor,0,No,Happy,No,Yes,Service,Great service!,Aisle,Gold,No,No,,Online,,No,Yes,Yes,Yes,Pune - Delhi,Cash at Airport,Club Vistara
268,54.0,Unknown,,,AI651,GoAir,Economy,2926.0,Bangalore,Bhubaneswar,1500.0,19.0,-2.0,Domestic,6,Good,Poor,3,Poor,Good,6,6,0,Unavailable,Yes,Satisfied,,N/A,Service,WiFi was not working.,Middle,Platinum,No,Yes,No,Travel Agency,,Yes,Yes,Yes,Sometimes,Bangalore - Hyderabad,UPI,SpiceClub
269,150.0,Other,Indian,Leisure,619,GoAir,Business,100000.0,Bhubaneswar,Chennai,1.0,-5.0,30.0,Domestic,Good,Good,5,Poor,Good,,6,Poor,,Unavailable,No,Neutral,,N/A,Service,Bad,Middle,Platinum,Yes,No,,Travel Agency,,No,Pending,Yes,No,Delhi - Mumbai,Cash at Airport,Flying Returns (Air India)
270,,Male,Indian,Business,804,SpiceJet,Economy,100000.0,Delhi,Delhi,,2000.0,30.0,International,Poor,5,,10,1,0,,,6,5,No,Dissatisfied,Yes,No,Other,Bad,,None,No,Yes,Yes,Mobile App,Yes,Yes,Pending,Yes,No,Chennai - Kolkata,Debit Card,Club Vistara
271,,Male,Indian,Family,519,TruJet,Business,100000.0,Kolkata,Guwahati,147.0,,30.0,Domestic,,10,0,10,2,6,0,,6,Unavailable,Yes,,,No,Turbulence,WiFi was not working.,Window,Platinum,No,Yes,No,Online,No,Yes,No,Yes,Sometimes,Bangalore - Hyderabad,Cash at Airport,Flying Returns (Air India)
272,44.0,,Indian,Family,AI412,Indigo,Economy,100000.0,Ahmedabad,Ahmedabad,19.0,,-2.0,International,0,Good,10,0,0,0,Good,Poor,6,0,No,Happy,Yes,Yes,Turbulence,,Aisle,Platinum,No,No,No,Airport Counter,Yes,No,No,No,No,None,Cash at Airport,SpiceClub
273,,,Ind,Other,AI677,GoAir,Business,100000.0,Guwahati,Mumbai,1500.0,-5.0,4.046359051868764,International,Good,5,1,10,0,5,0,0,3,0,No,,Yes,N/A,Service,Bad,Window,Silver,No,Yes,Yes,Online,Yes,No,No,Yes,Yes,Delhi - Mumbai,Credit Card,IndiGo 6E Rewards
274,23.0,Other,Indian,Leisure,AI704,SpiceJet,Economy,-50.0,Lucknow,Jaipur,,,-2.0,International,Good,10,6,,Poor,4,Poor,,Poor,,Yes,Satisfied,No,No,Broken Entertainment System,12345,,None,,Yes,,Airport Counter,Yes,No,No,Yes,Sometimes,Chennai - Kolkata,UPI,None
275,22.0,Male,Ind,Vacation,AI318,GoAir,First Class,100000.0,Kochi,Bhubaneswar,,,,International,2,,0,0,10,Good,10,3,Good,0,Yes,Dissatisfied,Yes,Yes,Unhygienic Toilets,,,Silver,,Yes,,Travel Agency,Yes,Yes,Pending,No,No,None,UPI,Flying Returns (Air India)
276,,Unknown,,,334,AirAsia India,Economy,100000.0,Ahmedabad,Jaipur,,26.0,,International,5,6,6,10,6,,10,10,,4,Yes,Happy,Maybe,N/A,Unhygienic Toilets,Good,,None,No,No,,Travel Agency,,No,Pending,Yes,Yes,Chennai - Kolkata,Credit Card,IndiGo 6E Rewards
277,,Other,,Other,,Vistara,First Class,100000.0,Delhi,Hyderabad,-10.0,-5.0,30.0,Domestic,6,0,2,3,,,0,,6,Unavailable,Yes,Neutral,Maybe,N/A,Turbulence,Good,,Platinum,Yes,Yes,,Mobile App,Yes,No,Yes,Yes,Sometimes,Bangalore - Hyderabad,UPI,None
278,76.0,Male,,Family,897,AirAsia India,Business,2727.0,Mumbai,Chennai,38.0,2000.0,-2.0,International,3,0,Good,5,6,1,6,Poor,,Unavailable,Yes,Dissatisfied,No,N/A,Turbulence,,Middle,Platinum,No,Yes,No,Online,No,No,Yes,Yes,Sometimes,Bangalore - Hyderabad,Net Banking,None
279,-5.0,Male,Indien,Vacation,,AirAsia India,Economy,100000.0,Guwahati,Hyderabad,1500.0,5.0,30.0,International,0,,,10,,Good,10,Good,Poor,4,No,Happy,No,N/A,Turbulence,Loved the flight.,Aisle,Silver,No,No,No,Mobile App,Yes,No,Pending,No,Sometimes,Bangalore - Hyderabad,Cash at Airport,SpiceClub
280,,,Indian,Family,366,Air India,First Class,100000.0,Ahmedabad,Jaipur,30.0,-5.0,-2.0,Domestic,Good,0,5,Poor,Good,Poor,6,Poor,6,Unavailable,Yes,Dissatisfied,No,Yes,Unhygienic Toilets,Bad,Aisle,Silver,No,No,,Travel Agency,Yes,Yes,Pending,No,No,Pune - Delhi,UPI,Flying Returns (Air India)
281,76.0,Male,,,AI273,SpiceJet,First Class,-50.0,Jaipur,Hyderabad,1500.0,-5.0,-2.0,International,,6,0,1,1,0,,10,,Unavailable,Yes,Satisfied,Yes,N/A,Food,Terrible experience.,Aisle,Platinum,No,Yes,Yes,Online,,Yes,Pending,Yes,Sometimes,Delhi - Mumbai,Credit Card,IndiGo 6E Rewards
282,54.0,X,Indien,,,SpiceJet,Economy,1401.0,Mumbai,Bhubaneswar,10.0,2000.0,-2.0,International,0,5,,0,4,6,Poor,10,6,,No,Dissatisfied,Yes,No,Delay,Terrible experience.,,Platinum,Yes,No,Yes,Travel Agency,,Yes,Yes,No,Sometimes,Chennai - Kolkata,Cash at Airport,None
283,150.0,,,Family,310,SpiceJet,Economy,-50.0,Bangalore,Chennai,1500.0,,,International,,Poor,Poor,10,,10,3,6,Good,,Yes,Neutral,No,No,Other,Loved the flight.,,None,Yes,Yes,No,Travel Agency,No,Yes,No,Yes,Sometimes,Pune - Delhi,Credit Card,IndiGo 6E Rewards
284,69.0,Other,,Vacation,879,Vistara,Economy,-50.0,Jaipur,Chennai,,63.0,30.0,International,6,Good,10,Poor,6,,6,5,Poor,Unavailable,Yes,,,N/A,Delay,Great service!,,Gold,Yes,No,No,Travel Agency,Yes,No,Pending,No,Sometimes,Delhi - Mumbai,Debit Card,SpiceClub
285,44.0,,Indien,,134,Indigo,First Class,100000.0,Ahmedabad,Kolkata,-10.0,131.0,,Domestic,0,Poor,Good,Poor,Poor,0,6,,6,0,Yes,Happy,Maybe,,Other,WiFi was not working.,,Silver,,No,Yes,Online,,No,Yes,No,Yes,None,Credit Card,Flying Returns (Air India)
286,-5.0,Male,Indien,Other,981,Akasa Air,First Class,814.0,Lucknow,Guwahati,,,10.716199677559224,International,6,Good,Good,4,0,10,Poor,10,0,Unavailable,Yes,Neutral,,Yes,Broken Entertainment System,Bad,Window,None,Yes,No,Yes,Travel Agency,,No,Pending,Yes,Sometimes,Bangalore - Hyderabad,Cash at Airport,Club Vistara
287,150.0,,Ind,Vacation,909,AirAsia India,First Class,-50.0,Ahmedabad,Bhubaneswar,,2000.0,-2.0,Domestic,Good,Good,,,6,4,,,Poor,4,Yes,Neutral,,Yes,Other,Food was cold.,,Silver,,No,Yes,Airport Counter,,Yes,Yes,Yes,No,Chennai - Kolkata,Net Banking,IndiGo 6E Rewards
288,,X,Indien,Other,,Akasa Air,Business,100000.0,Chennai,Bangalore,1500.0,-5.0,7.9969322737207715,Domestic,0,1,0,2,10,Good,Good,0,Good,Unavailable,No,Neutral,No,No,Other,Bad,,Gold,Yes,Yes,No,Travel Agency,Yes,No,Yes,Yes,Yes,None,Cash at Airport,IndiGo 6E Rewards
289,44.0,Other,,Other,,Alliance Air,Business,-50.0,Kochi,Pune,1500.0,,30.0,International,10,4,6,,6,6,Poor,4,0,0,No,Dissatisfied,Maybe,Yes,Unhygienic Toilets,Terrible experience.,Window,None,No,Yes,,Airport Counter,No,No,No,Yes,Sometimes,Pune - Delhi,Cash at Airport,Club Vistara
290,,,Ind,,852,AirAsia India,Economy,-50.0,Kochi,Jaipur,35.0,,,Domestic,Good,Poor,Poor,6,2,6,,2,,Unavailable,No,Neutral,No,,Food,Food was cold.,Aisle,Gold,Yes,No,Yes,Airport Counter,,No,Pending,Yes,No,Delhi - Mumbai,Debit Card,SpiceClub
291,38.0,Other,Indian,Family,433,TruJet,First Class,,Ahmedabad,Bhubaneswar,,,-2.0,Domestic,Good,Good,10,Good,0,Poor,4,Good,10,5,Yes,Dissatisfied,,N/A,Service,12345,,Silver,No,No,No,Airport Counter,,Yes,Yes,Yes,Sometimes,Delhi - Mumbai,Net Banking,None
292,150.0,Other,Indien,,,Air India,Business,-50.0,Jaipur,Guwahati,1500.0,2000.0,-2.0,International,Poor,,Good,Good,Good,Poor,10,0,0,Unavailable,No,Satisfied,,Yes,Other,Great service!,Middle,Silver,,No,,Mobile App,No,Yes,Yes,Yes,Yes,Chennai - Kolkata,Cash at Airport,SpiceClub
293,74.0,,Ind,Business,,Air India,Economy,-50.0,Delhi,Mumbai,-10.0,2000.0,,International,,,0,10,6,3,10,4,Good,,No,Happy,,,Food,Terrible experience.,Window,Silver,No,No,,Online,,Yes,Yes,Yes,No,Pune - Delhi,Cash at Airport,IndiGo 6E Rewards
294,58.0,Female,,Family,506,SpiceJet,Economy,2829.0,Chennai,Guwahati,,2000.0,-2.0,Domestic,,3,10,2,10,Poor,6,Poor,6,,No,Satisfied,Maybe,No,Other,WiFi was not working.,Window,None,,Yes,Yes,Mobile App,No,No,Pending,Yes,Yes,Bangalore - Hyderabad,Credit Card,Club Vistara
295,-5.0,X,,Other,,Vistara,First Class,100000.0,Hyderabad,Guwahati,-10.0,,-2.0,Domestic,1,0,Good,Poor,0,,,Good,6,Unavailable,Yes,,,,Long Security Check,Good,Middle,None,,No,Yes,Mobile App,Yes,Yes,Pending,Yes,Sometimes,Pune - Delhi,UPI,SpiceClub
296,29.0,Female,Indian,Business,AI950,Indigo,Business,2442.0,Guwahati,Guwahati,,,30.0,Domestic,,5,10,0,6,0,Poor,Good,Good,0,No,Happy,Yes,No,Turbulence,,,Platinum,No,Yes,Yes,Mobile App,Yes,Yes,No,No,Sometimes,Pune - Delhi,Net Banking,IndiGo 6E Rewards
297,-5.0,Unknown,Indien,Family,AI406,AirAsia India,First Class,-50.0,Guwahati,Guwahati,,95.0,,International,Good,Good,Good,10,0,,Good,3,,0,Yes,Dissatisfied,No,N/A,Delay,Bad,,Silver,No,Yes,No,Online,Yes,Yes,Yes,Yes,No,Bangalore - Hyderabad,Net Banking,SpiceClub
298,-5.0,Female,Indian,Other,AI986,SpiceJet,Economy,100000.0,Mumbai,Jaipur,53.0,79.0,,Domestic,2,,,10,Good,10,Poor,5,5,Unavailable,No,,No,N/A,Broken Entertainment System,Bad,Aisle,Platinum,Yes,No,No,Airport Counter,No,No,No,No,Sometimes,Chennai - Kolkata,Net Banking,Flying Returns (Air India)
299,,Male,,Family,844,Alliance Air,First Class,714.0,Mumbai,Hyderabad,1500.0,-5.0,,International,,10,Poor,,Good,Good,,6,Poor,0,Yes,,Maybe,Yes,Turbulence,12345,Aisle,Gold,No,Yes,,Airport Counter,No,No,Yes,Yes,No,Delhi - Mumbai,Net Banking,Club Vistara
300,150.0,X,Indien,Other,AI388,Indigo,First Class,,Bangalore,Hyderabad,20.0,2000.0,30.0,International,0,0,Good,Good,Good,10,,6,6,3,Yes,Neutral,,N/A,,Good,,None,,Yes,Yes,Mobile App,No,No,Pending,Yes,No,Pune - Delhi,Debit Card,IndiGo 6E Rewards
