Passenger_ID,Age,Gender,Nationality,Travel_Purpose,Flight_Number,Airline_Name,Class,Flight_Distance,Departure_City,Arrival_City,Departure_Delay,Arrival_Delay,Flight_Duration,Flight_Route_Type,Seat_Comfort,InFlight_Entertainment,Food_Quality,Cleanliness,Cabin_Staff_Service,Legroom,Baggage_Handling,CheckIn_Service,Boarding_Process,WiFi_Service,Festival_Season_Travel,Overall_Satisfaction,Recommendation,Complaint_Submitted,Complaint_Type,Feedback_Comments,Seat_Type,Loyalty_Membership,Frequent_Flyer,Baggage_Lost,Compensation_Received,Booking_Channel,Seat_Upgrade,Special_Assistance,Discount_Received,Preferred_Airline,Frequent_Route,Payment_Method,Airline_Loyalty_Program
1,56,Male,Indian,Leisure,TRU0165,TruJet,Business,1577,Pune,Kolkata,40,0,01:51,Domestic,Poor,Poor,Excellent,Good,Excellent,Excellent,Excellent,Excellent,Excellent,Poor,No,Neutral,No,No,No complaint,Good,Middle,Gold,No,Yes,Yes,Travel Agency,No,No,No,No,Not Applicable,UPI,SpiceClub
2,37,Female,Indian,Business,AI741,Air India,Economy,1232,Ahmedabad,Bangalore,0,10,01:27,Domestic,Excellent,Excellent,Excellent,Good,Good,Excellent,Excellent,Excellent,Excellent,Unavailable,Yes,Happy,Yes,No,No complaint,No valid feedback,Window,Silver,Yes,No,No,Mobile App,No,Yes,Yes,No,Pune - Delhi,Credit Card,IndiGo 6E Rewards
3,63,Male,Indian,Leisure,VST0248,Vistara,Business,913,Chennai,Pune,0,0,01:04,Domestic,Good,Poor,Excellent,Excellent,Excellent,Excellent,Excellent,Excellent,Excellent,Unavailable,No,Satisfied,No,Yes,Turbulence,Bad,Middle,Silver,Yes,No,No,Online,No,Yes,No,Sometimes,Pune - Delhi,Net Banking,Flying Returns (Air India)
4,38,Female,Indian,Leisure,SJ0229,SpiceJet,Economy,1189,Bhubaneswar,Bangalore,50,40,01:24,Domestic,Good,Excellent,Excellent,Excellent,Excellent,Excellent,Excellent,Excellent,Excellent,Unavailable,No,Satisfied,Maybe,No,No complaint,Good,Window,Gold,Yes,No,No,Travel Agency,No,No,No,Yes,Delhi - Mumbai,UPI,Flying Returns (Air India)
5,44,Female,Indian,Family,SJ0248,SpiceJet,Business,884,Lucknow,Bhubaneswar,0,70,01:02,Domestic,Excellent,Excellent,Excellent,Excellent,Excellent,Excellent,Excellent,Poor,Excellent,Unavailable,No,Dissatisfied,Yes,No,No complaint,Good,Middle,Silver,Yes,No,No,Airport Counter,No,Yes,No,Yes,Bangalore - Hyderabad,Debit Card,Flying Returns (Air India)
6,58,Female,Indian,Other,TRU0328,TruJet,First Class,773,Delhi,Ahmedabad,90,0,00:55,Domestic,Excellent,Excellent,Excellent,Excellent,Poor,Excellent,Excellent,Excellent,Excellent,Unavailable,No,Satisfied,Maybe,No,No complaint,No valid feedback,Aisle,Silver,Yes,No,No,Online,Yes,Yes,Yes,Yes,Pune - Delhi,Credit Card,IndiGo 6E Rewards
7,53,Female,Indian,Leisure,AI0267,Air India,Economy,921,Mumbai,Jaipur,30,40,01:05,Domestic,Excellent,Excellent,Excellent,Excellent,Good,Poor,Excellent,Excellent,Excellent,No Connection,Yes,Satisfied,No,No,No complaint,No valid feedback,Middle,Gold,Yes,No,No,Online,No,No,No,Yes,Delhi - Mumbai,UPI,Club Vistara
8,42,Female,Indian,Leisure,AI223,Air India,First Class,733,Pune,Bangalore,20,10,00:52,Domestic,Poor,Poor,Excellent,Excellent,Poor,Excellent,Excellent,Excellent,Excellent,Fair,No,Neutral,No,No,No complaint,No valid feedback,Middle,Silver,Yes,Yes,Yes,Travel Agency,No,Yes,Yes,Yes,Pune - Delhi,Credit Card,IndiGo 6E Rewards
9,50,Female,Indian,Business,SJ0608,SpiceJet,Economy,733,Bangalore,Pune,50,20,00:52,Domestic,Good,Poor,Excellent,Excellent,Good,Excellent,Excellent,Good,Good,Poor,Yes,Happy,No,Yes,Long Security Check,WiFi was not working.,Middle,Platinum,No,Yes,Yes,Airport Counter,Yes,Yes,No,No,Not Applicable,Net Banking,Club Vistara
10,44,Male,Indian,Leisure,AI778,Air India,Business,1572,Lucknow,Bangalore,10,20,01:51,Domestic,Good,Excellent,Poor,Poor,Excellent,Excellent,Excellent,Excellent,Excellent,Excellent,Yes,Satisfied,No,Yes,Bad Experience,WiFi was not working.,Middle,Silver,Yes,Yes,Yes,Online,No,Yes,No,No,Bangalore - Hyderabad,UPI,Flying Returns (Air India)
11,22,Female,Indian,Leisure,AKA0480,Akasa Air,First Class,1901,Kolkata,Kochi,10,50,02:14,Domestic,Good,Excellent,Excellent,Poor,Poor,Excellent,Excellent,Excellent,Poor,Unavailable,Yes,Satisfied,Yes,No,No complaint,Loved the flight.,Aisle,Silver,No,No,No,Airport Counter,No,No,Yes,Yes,Not Applicable,Net Banking,Club Vistara
12,69,Female,Indian,Family,AI420,Air India,First Class,506,Pune,Hyderabad,0,20,00:36,Domestic,Excellent,Excellent,Excellent,Poor,Excellent,Good,Excellent,Excellent,Excellent,No Connection,No,Neutral,Maybe,No,No complaint,No valid feedback,Middle,Silver,No,Yes,Yes,Online,No,Yes,No,No,Not Applicable,Net Banking,Club Vistara
13,27,Female,Indian,Leisure,AI163,Air India,Economy,1876,Jaipur,Kochi,10,0,02:12,Domestic,Poor,Excellent,Excellent,Excellent,Excellent,Excellent,Good,Excellent,Excellent,Good,No,Neutral,No,Yes,Unhygienic Toilets,Complaint details not provided,Middle,Platinum,Yes,Yes,Yes,Online,Yes,No,No,Yes,Chennai - Kolkata,Debit Card,Club Vistara
14,27,Female,Indian,Family,AI732,Air India,Economy,888,Kolkata,Lucknow,10,0,01:03,Domestic,Poor,Excellent,Good,Excellent,Good,Good,Excellent,Excellent,Excellent,No Connection,Yes,Satisfied,No,Yes,Service,Complaint details not provided,Middle,Silver,Yes,No,No,Travel Agency,Yes,No,No,Yes,Chennai - Kolkata,Net Banking,Club Vistara
15,42,Female,Indian,Business,AKA0248,Akasa Air,Economy,1031,Mumbai,Chennai,0,0,01:13,Domestic,Excellent,Excellent,Excellent,Poor,Good,Excellent,Excellent,Excellent,Excellent,Excellent,Yes,Neutral,No,No,No complaint,No valid feedback,Middle,Silver,No,Yes,Yes,Airport Counter,No,No,Yes,No,Not Applicable,Credit Card,SpiceClub
16,45,Female,Indian,Business,TRU0248,TruJet,First Class,1466,Delhi,Guwahati,0,20,01:44,Domestic,Excellent,Poor,Excellent,Excellent,Poor,Excellent,Poor,Good,Poor,Unavailable,No,Satisfied,Yes,No,No complaint,Loved the flight.,Window,Platinum,No,Yes,Yes,Mobile App,No,No,Yes,Yes,Not Applicable,Net Banking,Club Vistara
17,31,Female,Indian,Family,SJ0248,SpiceJet,Economy,1260,Bhubaneswar,Jaipur,40,20,01:29,Domestic,Excellent,Excellent,Good,Excellent,Excellent,Excellent,Excellent,Excellent,Excellent,Unavailable,No,Satisfied,No,No,No complaint,Good,Middle,Silver,Yes,No,No,Airport Counter,Yes,No,No,Yes,Delhi - Mumbai,Credit Card,Club Vistara
18,54,Female,Indian,Leisure,AI262,Air India,Economy,508,Lucknow,Jaipur,0,10,00:36,Domestic,Excellent,Excellent,Excellent,Good,Excellent,Excellent,Poor,Excellent,Excellent,Excellent,Yes,Happy,Maybe,No,No complaint,No valid feedback,Middle,Silver,Yes,Yes,Yes,Travel Agency,No,No,Yes,No,Bangalore - Hyderabad,Credit Card,IndiGo 6E Rewards
19,49,Male,Indian,Other,IND0248,Indigo,First Class,921,Jaipur,Mumbai,30,0,01:05,Domestic,Excellent,Excellent,Excellent,Poor,Excellent,Excellent,Excellent,Excellent,Excellent,Unavailable,No,Neutral,Yes,No,No complaint,Loved the flight.,Middle,Silver,Yes,Yes,Yes,Airport Counter,No,Yes,Yes,Sometimes,Delhi - Mumbai,UPI,Club Vistara
20,43,Male,Indian,Family,AI806,Air India,First Class,119,Mumbai,Pune,10,20,00:08,Domestic,Excellent,Poor,Excellent,Good,Excellent,Excellent,Excellent,Excellent,Excellent,Unavailable,Yes,Dissatisfied,Yes,Yes,Service,WiFi was not working.,Middle,Silver,No,No,No,Airport Counter,No,No,Yes,No,Not Applicable,Debit Card,Flying Returns (Air India)
21,35,Female,Indian,Leisure,AI0336,Air India,Economy,506,Hyderabad,Pune,0,0,00:36,Domestic,Excellent,Excellent,Excellent,Good,Poor,Excellent,Excellent,Poor,Excellent,No Connection,No,Dissatisfied,No,No,No complaint,No valid feedback,Window,Silver,Yes,No,No,Travel Agency,No,Yes,No,Yes,Bangalore - Hyderabad,Debit Card,Club Vistara
22,30,Male,Indian,Other,AAI0248,AirAsia India,First Class,913,Chennai,Pune,0,0,01:04,Domestic,Poor,Excellent,Excellent,Excellent,Good,Excellent,Excellent,Good,Excellent,Unavailable,No,Neutral,Maybe,No,No complaint,Good,Middle,Gold,Yes,No,No,Travel Agency,Yes,No,No,No,Bangalore - Hyderabad,Debit Card,Flying Returns (Air India)
23,55,Male,Indian,Family,VST0644,Vistara,Business,853,Kochi,Hyderabad,0,50,01:00,Domestic,Excellent,Excellent,Excellent,Excellent,Excellent,Excellent,Good,Excellent,Excellent,Fair,No,Neutral,No,No,No complaint,No valid feedback,Middle,Gold,Yes,Yes,Yes,Online,No,Yes,Yes,Sometimes,Delhi - Mumbai,Credit Card,Flying Returns (Air India)
24,48,Male,Indian,Other,GOA0528,GoAir,First Class,508,Lucknow,Jaipur,0,60,00:36,Domestic,Excellent,Excellent,Excellent,Excellent,Excellent,Excellent,Excellent,Excellent,Excellent,No Connection,No,Happy,No,No,No complaint,No valid feedback,Window,Gold,Yes,Yes,Yes,Travel Agency,Yes,Yes,No,Yes,Bangalore - Hyderabad,Debit Card,IndiGo 6E Rewards
25,35,Male,Indian,Leisure,GOA0248,GoAir,First Class,1496,Kochi,Ahmedabad,10,70,01:46,Domestic,Excellent,Excellent,Good,Excellent,Excellent,Excellent,Excellent,Good,Excellent,Unavailable,No,Neutral,Yes,No,No complaint,No valid feedback,Middle,Silver,Yes,Yes,Yes,Online,Yes,No,Yes,Sometimes,Delhi - Mumbai,UPI,Club Vistara
26,47,Female,Indian,Family,SJ0447,SpiceJet,First Class,1732,Bangalore,Delhi,0,10,02:02,Domestic,Poor,Good,Poor,Excellent,Excellent,Good,Good,Excellent,Excellent,Excellent,No,Dissatisfied,No,No,No complaint,No valid feedback,Aisle,Silver,Yes,Yes,Yes,Mobile App,No,Yes,Yes,Sometimes,Delhi - Mumbai,Debit Card,SpiceClub
27,49,Female,Indian,Leisure,AI0690,Air India,Business,1496,Kochi,Ahmedabad,10,0,01:46,Domestic,Excellent,Poor,Excellent,Good,Good,Excellent,Excellent,Poor,Good,Poor,No,Happy,No,No,No complaint,Good,Middle,Gold,Yes,Yes,Yes,Online,Yes,No,No,Sometimes,Delhi - Mumbai,Net Banking,IndiGo 6E Rewards
28,61,Male,Indian,Other,AI0248,Air India,Economy,892,Bhubaneswar,Guwahati,70,40,01:03,Domestic,Excellent,Excellent,Good,Excellent,Excellent,Excellent,Good,Excellent,Poor,Poor,No,Neutral,No,No,No complaint,No valid feedback,Middle,Silver,No,Yes,Yes,Airport Counter,No,Yes,Yes,No,Not Applicable,UPI,Club Vistara
29,39,Female,Indian,Family,AI340,Air India,Economy,1366,Bhubaneswar,Mumbai,0,20,01:36,Domestic,Poor,Excellent,Excellent,Excellent,Poor,Good,Excellent,Poor,Good,Poor,Yes,Neutral,Yes,No,No complaint,No valid feedback,Aisle,Silver,Yes,No,No,Mobile App,No,No,No,No,Bangalore - Hyderabad,Net Banking,Club Vistara
30,42,Female,Indian,Business,AAI0248,AirAsia India,First Class,1621,Ahmedabad,Kolkata,10,50,01:54,Domestic,Excellent,Poor,Excellent,Good,Excellent,Good,Excellent,Excellent,Excellent,Unavailable,No,Neutral,No,No,No complaint,No valid feedback,Aisle,Silver,Yes,No,No,Mobile App,No,No,No,Yes,Delhi - Mumbai,Net Banking,Club Vistara
31,61,Male,Indian,Leisure,AAI0248,AirAsia India,First Class,2427,Kochi,Guwahati,10,0,02:51,Domestic,Excellent,Excellent,Excellent,Poor,Poor,Good,Excellent,Excellent,Poor,Unavailable,No,Happy,No,No,No complaint,Great service!,Window,Platinum,Yes,Yes,Yes,Airport Counter,No,Yes,Yes,Yes,Pune - Delhi,Credit Card,Flying Returns (Air India)
32,20,Female,Indian,Leisure,AI537,Air India,Economy,913,Chennai,Pune,20,10,01:04,Domestic,Excellent,Excellent,Excellent,Excellent,Good,Excellent,Poor,Excellent,Excellent,Unavailable,No,Neutral,No,No,No complaint,No valid feedback,Middle,Gold,Yes,Yes,Yes,Airport Counter,No,No,No,No,Bangalore - Hyderabad,Credit Card,SpiceClub
33,31,Male,Indian,Family,SJ0248,SpiceJet,First Class,1232,Ahmedabad,Bangalore,0,50,01:27,Domestic,Excellent,Excellent,Excellent,Excellent,Good,Excellent,Excellent,Excellent,Poor,No Connection,Yes,Dissatisfied,No,No,No complaint,Great service!,Middle,Platinum,Yes,Yes,Yes,Airport Counter,No,Yes,No,Sometimes,Pune - Delhi,Credit Card,Flying Returns (Air India)
34,39,Female,Indian,Leisure,AAI0271,AirAsia India,First Class,232,Jaipur,Delhi,60,0,00:16,Domestic,Excellent,Excellent,Excellent,Excellent,Excellent,Excellent,Excellent,Poor,Poor,Unavailable,No,Satisfied,Maybe,No,No complaint,Good,Window,Platinum,Yes,Yes,Yes,Mobile App,Yes,No,No,Sometimes,Chennai - Kolkata,UPI,SpiceClub
35,42,Female,Indian,Leisure,AI442,Air India,First Class,232,Jaipur,Delhi,40,30,00:16,Domestic,Excellent,Excellent,Good,Excellent,Excellent,Excellent,Excellent,Excellent,Excellent,Unavailable,Yes,Neutral,No,Yes,Bad Experience,Complaint details not provided,Window,Platinum,Yes,No,No,Mobile App,No,No,Yes,No,Pune - Delhi,Debit Card,Club Vistara
36,31,Male,Indian,Business,AI764,Air India,Economy,1971,Guwahati,Ahmedabad,40,0,02:19,Domestic,Good,Excellent,Excellent,Poor,Poor,Excellent,Poor,Poor,Excellent,Unavailable,Yes,Neutral,No,No,No complaint,No valid feedback,Middle,Silver,No,Yes,Yes,Mobile App,No,No,Yes,Sometimes,Not Applicable,UPI,Club Vistara
37,51,Male,Indian,Leisure,VST0293,Vistara,First Class,541,Ahmedabad,Jaipur,10,0,00:38,Domestic,Excellent,Excellent,Excellent,Excellent,Excellent,Excellent,Good,Excellent,Excellent,No Connection,Yes,Dissatisfied,No,No,No complaint,No valid feedback,Window,Silver,Yes,No,No,Online,No,Yes,Yes,No,Bangalore - Hyderabad,Debit Card,Flying Returns (Air India)
38,53,Male,Indian,Leisure,AI757,Air India,Business,1355,Kolkata,Chennai,30,10,01:36,Domestic,Good,Poor,Excellent,Poor,Excellent,Poor,Excellent,Excellent,Poor,No Connection,No,Dissatisfied,No,Yes,Broken Entertainment System,Bad,Middle,Silver,Yes,Yes,Yes,Airport Counter,No,No,No,Yes,Delhi - Mumbai,Net Banking,Flying Returns (Air India)
39,51,Male,Indian,Business,AI0248,Air India,First Class,1355,Kolkata,Chennai,0,40,01:36,Domestic,Excellent,Poor,Excellent,Poor,Excellent,Excellent,Excellent,Excellent,Excellent,Unavailable,No,Neutral,Yes,No,No complaint,No valid feedback,Window,Gold,Yes,Yes,Yes,Online,No,Yes,Yes,Yes,Pune - Delhi,UPI,Club Vistara
40,50,Female,Indian,Business,AKA0327,Akasa Air,Business,421,Delhi,Lucknow,10,20,00:30,Domestic,Poor,Excellent,Excellent,Excellent,Excellent,Excellent,Excellent,Excellent,Excellent,Fair,No,Neutral,No,No,No complaint,Good,Middle,Silver,Yes,Yes,Yes,Travel Agency,No,Yes,No,Yes,Bangalore - Hyderabad,Debit Card,IndiGo 6E Rewards
41,20,Female,Indian,Business,AI602,Air India,Economy,421,Lucknow,Delhi,0,60,00:30,Domestic,Good,Excellent,Excellent,Excellent,Excellent,Good,Excellent,Excellent,Poor,No Connection,Yes,Dissatisfied,No,No,No complaint,No valid feedback,Middle,Silver,Yes,No,No,Travel Agency,Yes,No,Yes,Yes,Pune - Delhi,UPI,Flying Returns (Air India)
42,41,Female,Indian,Other,AI754,Air India,First Class,1589,Jaipur,Guwahati,10,10,01:52,Domestic,Excellent,Excellent,Excellent,Excellent,Good,Excellent,Excellent,Excellent,Excellent,Poor,Yes,Happy,Yes,Yes,Delay,WiFi was not working.,Middle,Silver,No,No,No,Airport Counter,No,No,No,Yes,Not Applicable,Net Banking,SpiceClub
43,41,Female,Indian,Family,AI694,Air India,Economy,119,Mumbai,Pune,10,10,00:08,Domestic,Excellent,Poor,Excellent,Excellent,Excellent,Good,Excellent,Poor,Excellent,Unavailable,No,Dissatisfied,No,No,No complaint,No valid feedback,Middle,Silver,No,Yes,Yes,Airport Counter,No,No,No,Yes,Not Applicable,UPI,SpiceClub
44,51,Female,Indian,Family,AI244,Air India,Business,1496,Kochi,Ahmedabad,10,0,01:46,Domestic,Good,Excellent,Excellent,Excellent,Good,Excellent,Excellent,Excellent,Excellent,No Connection,No,Satisfied,No,No,No complaint,No valid feedback,Middle,Gold,Yes,No,No,Travel Agency,No,Yes,Yes,Sometimes,Bangalore - Hyderabad,Debit Card,SpiceClub
45,42,Female,Indian,Family,IND0248,Indigo,Business,1971,Ahmedabad,Guwahati,20,70,02:19,Domestic,Excellent,Good,Excellent,Excellent,Excellent,Excellent,Excellent,Excellent,Excellent,No Connection,No,Neutral,Yes,Yes,Delay,Complaint details not provided,Middle,Platinum,No,No,No,Airport Counter,Yes,No,Yes,Sometimes,Not Applicable,Credit Card,Club Vistara
46,58,Female,Indian,Family,AI340,Air India,First Class,733,Bangalore,Pune,60,10,00:52,Domestic,Excellent,Excellent,Excellent,Poor,Excellent,Poor,Good,Excellent,Good,No Connection,No,Neutral,Maybe,No,No complaint,Good,Middle,Silver,Yes,No,No,Travel Agency,Yes,Yes,Yes,Yes,Bangalore - Hyderabad,Debit Card,Club Vistara
47,40,Male,Indian,Business,GOA0248,GoAir,First Class,981,Pune,Kochi,0,20,01:09,Domestic,Excellent,Poor,Excellent,Excellent,Excellent,Excellent,Excellent,Poor,Excellent,No Connection,No,Neutral,No,No,No complaint,Loved the flight.,Middle,Gold,Yes,Yes,Yes,Mobile App,No,No,Yes,No,Bangalore - Hyderabad,Credit Card,IndiGo 6E Rewards
48,49,Male,Indian,Leisure,VST0248,Vistara,Business,2027,Guwahati,Pune,10,20,02:23,Domestic,Excellent,Poor,Excellent,Excellent,Excellent,Excellent,Excellent,Excellent,Excellent,Unavailable,No,Happy,No,No,No complaint,Loved the flight.,Window,Platinum,Yes,No,No,Travel Agency,No,No,Yes,No,Pune - Delhi,Debit Card,Club Vistara
49,39,Female,Indian,Family,ALN0248,Alliance Air,Economy,1189,Bangalore,Bhubaneswar,0,10,01:24,Domestic,Good,Excellent,Excellent,Excellent,Excellent,Excellent,Excellent,Excellent,Excellent,No Connection,Yes,Satisfied,No,No,No complaint,Great service!,Aisle,Silver,Yes,Yes,Yes,Mobile App,No,No,Yes,Yes,Chennai - Kolkata,Debit Card,Flying Returns (Air India)
50,37,Female,Indian,Leisure,AI0248,Air India,First Class,733,Pune,Bangalore,20,0,00:52,Domestic,Excellent,Excellent,Excellent,Poor,Excellent,Excellent,Excellent,Excellent,Excellent,Poor,Yes,Neutral,No,No,No complaint,No valid feedback,Aisle,Silver,No,No,No,Mobile App,No,No,No,No,Not Applicable,Debit Card,Flying Returns (Air India)
51,52,Female,Indian,Business,IND0677,Indigo,Economy,1466,Guwahati,Delhi,0,20,01:44,Domestic,Poor,Excellent,Excellent,Good,Good,Poor,Good,Good,Poor,Excellent,Yes,Neutral,No,Yes,Bad Experience,Bad,Middle,Gold,Yes,No,No,Online,No,Yes,No,Yes,Pune - Delhi,Credit Card,IndiGo 6E Rewards
52,46,Female,Indian,Family,ALN0264,Alliance Air,Economy,884,Bhubaneswar,Lucknow,0,10,01:02,Domestic,Good,Excellent,Excellent,Excellent,Excellent,Excellent,Excellent,Good,Excellent,No Connection,Yes,Satisfied,No,Yes,Long Security Check,WiFi was not working.,Middle,Platinum,Yes,No,No,Airport Counter,No,Yes,No,Sometimes,Delhi - Mumbai,Net Banking,Club Vistara
53,51,Male,Indian,Leisure,ALN0248,Alliance Air,Economy,1185,Kolkata,Hyderabad,20,0,01:24,Domestic,Excellent,Excellent,Poor,Excellent,Excellent,Excellent,Excellent,Good,Excellent,Unavailable,No,Happy,Maybe,No,No complaint,No valid feedback,Middle,Silver,Yes,Yes,Yes,Online,No,No,Yes,No,Delhi - Mumbai,Debit Card,Flying Returns (Air India)
54,53,Male,Indian,Leisure,AKA0392,Akasa Air,Economy,840,Bhubaneswar,Hyderabad,10,90,00:59,Domestic,Excellent,Excellent,Excellent,Excellent,Excellent,Excellent,Excellent,Excellent,Poor,Unavailable,No,Neutral,No,No,No complaint,Great service!,Middle,Platinum,Yes,No,No,Travel Agency,No,Yes,No,No,Pune - Delhi,Debit Card,Flying Returns (Air India)
55,44,Female,Indian,Family,AI0248,Air India,First Class,1368,Ahmedabad,Chennai,10,10,01:37,Domestic,Good,Excellent,Excellent,Excellent,Excellent,Good,Excellent,Excellent,Excellent,No Connection,No,Neutral,No,No,No complaint,Good,Aisle,Silver,No,No,No,Travel Agency,Yes,Yes,Yes,Yes,Not Applicable,Credit Card,Club Vistara
56,32,Female,Indian,Business,AI289,Air India,Business,2027,Pune,Guwahati,0,20,02:23,Domestic,Good,Excellent,Excellent,Excellent,Good,Excellent,Excellent,Excellent,Excellent,Poor,Yes,Dissatisfied,Maybe,Yes,Long Security Check,Bad,Window,Silver,Yes,No,No,Travel Agency,No,No,No,No,Delhi - Mumbai,Net Banking,Club Vistara
57,60,Male,Indian,Leisure,AI985,Air India,First Class,1273,Bhubaneswar,Pune,40,70,01:30,Domestic,Good,Excellent,Poor,Excellent,Excellent,Excellent,Good,Excellent,Good,No Connection,Yes,Happy,Maybe,No,No complaint,No valid feedback,Aisle,Platinum,Yes,Yes,Yes,Travel Agency,No,No,Yes,No,Chennai - Kolkata,Credit Card,Club Vistara
58,18,Female,Indian,Leisure,AI677,Air India,First Class,842,Mumbai,Bangalore,20,30,00:59,Domestic,Excellent,Excellent,Excellent,Excellent,Excellent,Excellent,Poor,Excellent,Poor,Unavailable,Yes,Dissatisfied,Maybe,No,No complaint,No valid feedback,Aisle,Gold,No,No,No,Airport Counter,Yes,No,Yes,Yes,Not Applicable,Debit Card,IndiGo 6E Rewards
59,30,Male,Indian,Leisure,TRU0248,TruJet,Economy,981,Pune,Kochi,0,30,01:09,Domestic,Excellent,Excellent,Poor,Excellent,Poor,Poor,Excellent,Excellent,Excellent,No Connection,Yes,Dissatisfied,No,No,No complaint,No valid feedback,Middle,Gold,Yes,Yes,Yes,Mobile App,Yes,Yes,No,No,Chennai - Kolkata,Credit Card,SpiceClub
60,37,Female,Indian,Business,GOA0265,GoAir,Economy,1093,Hyderabad,Jaipur,40,20,01:17,Domestic,Excellent,Excellent,Poor,Good,Excellent,Excellent,Excellent,Good,Excellent,No Connection,No,Neutral,Maybe,No,No complaint,No valid feedback,Middle,Silver,No,No,No,Travel Agency,No,Yes,No,No,Not Applicable,Credit Card,Club Vistara
61,72,Male,Indian,Leisure,GOA0902,GoAir,Economy,1276,Bhubaneswar,Delhi,10,80,01:30,Domestic,Good,Good,Excellent,Good,Good,Good,Poor,Excellent,Poor,Unavailable,No,Happy,No,No,No complaint,No valid feedback,Window,Silver,No,No,No,Online,No,No,Yes,Sometimes,Not Applicable,Net Banking,IndiGo 6E Rewards
62,44,Female,Indian,Leisure,AI510,Air India,Business,1189,Bhubaneswar,Bangalore,20,0,01:24,Domestic,Excellent,Excellent,Poor,Excellent,Poor,Excellent,Excellent,Excellent,Excellent,Poor,Yes,Dissatisfied,Maybe,No,No complaint,No valid feedback,Middle,Silver,No,No,No,Online,No,Yes,No,No,Not Applicable,Credit Card,SpiceClub
63,28,Female,Indian,Leisure,AI549,Air India,Business,1147,Delhi,Mumbai,10,50,01:21,Domestic,Excellent,Excellent,Excellent,Excellent,Excellent,Excellent,Poor,Poor,Good,Unavailable,Yes,Satisfied,No,No,No complaint,No valid feedback,Middle,Silver,No,No,No,Online,No,Yes,Yes,Sometimes,Not Applicable,Credit Card,Flying Returns (Air India)
64,41,Female,Indian,Leisure,VST0340,Vistara,Economy,1555,Kolkata,Bangalore,30,10,01:50,Domestic,Poor,Good,Excellent,Excellent,Excellent,Excellent,Poor,Poor,Good,Poor,Yes,Happy,No,Yes,Food,Complaint details not provided,Window,Silver,Yes,Yes,Yes,Mobile App,No,Yes,No,No,Delhi - Mumbai,Net Banking,Club Vistara
65,43,Female,Indian,Family,GOA0248,GoAir,First Class,773,Ahmedabad,Delhi,0,0,00:55,Domestic,Good,Excellent,Excellent,Excellent,Excellent,Excellent,Good,Good,Good,Poor,Yes,Satisfied,No,No,No complaint,Good,Middle,Silver,Yes,Yes,Yes,Travel Agency,Yes,No,Yes,No,Bangalore - Hyderabad,Credit Card,Club Vistara
66,23,Female,Indian,Business,AI0248,Air India,Business,1496,Kochi,Ahmedabad,60,20,01:46,Domestic,Excellent,Excellent,Excellent,Poor,Excellent,Excellent,Excellent,Excellent,Excellent,Unavailable,No,Happy,No,Yes,Food,Bad,Middle,Gold,No,No,No,Mobile App,No,No,No,Sometimes,Not Applicable,UPI,Club Vistara
67,47,Female,Indian,Leisure,SJ0748,SpiceJet,Business,1093,Jaipur,Hyderabad,0,30,01:17,Domestic,Excellent,Excellent,Good,Excellent,Good,Poor,Poor,Excellent,Poor,No Connection,No,Satisfied,Maybe,No,No complaint,No valid feedback,Middle,Platinum,Yes,Yes,Yes,Online,No,Yes,Yes,No,Delhi - Mumbai,Debit Card,IndiGo 6E Rewards
68,26,Male,Indian,Leisure,AAI0248,AirAsia India,Economy,944,Ahmedabad,Lucknow,0,10,01:07,Domestic,Excellent,Good,Excellent,Excellent,Good,Excellent,Excellent,Excellent,Excellent,Poor,No,Happy,Yes,No,No complaint,No valid feedback,Middle,Silver,Yes,No,No,Mobile App,No,Yes,No,No,Chennai - Kolkata,Debit Card,Flying Returns (Air India)
69,32,Female,Indian,Business,TRU0248,TruJet,First Class,733,Bangalore,Pune,0,60,00:52,Domestic,Excellent,Excellent,Excellent,Poor,Excellent,Excellent,Poor,Excellent,Excellent,Unavailable,No,Satisfied,Maybe,No,No complaint,Loved the flight.,Aisle,Silver,No,No,No,Airport Counter,No,No,No,No,Not Applicable,Credit Card,IndiGo 6E Rewards
70,62,Female,Indian,Leisure,AAI0995,AirAsia India,First Class,2068,Kochi,Delhi,50,0,02:26,Domestic,Excellent,Excellent,Excellent,Excellent,Excellent,Good,Excellent,Excellent,Excellent,Poor,Yes,Happy,Maybe,No,No complaint,Good,Middle,Gold,No,Yes,Yes,Travel Agency,No,Yes,No,No,Not Applicable,UPI,IndiGo 6E Rewards
71,36,Female,Indian,Other,VST0248,Vistara,Business,232,Delhi,Jaipur,10,20,00:16,Domestic,Excellent,Excellent,Excellent,Good,Good,Excellent,Excellent,Excellent,Excellent,Unavailable,No,Neutral,Yes,No,No complaint,Good,Middle,Silver,Yes,Yes,Yes,Travel Agency,No,Yes,No,Sometimes,Delhi - Mumbai,UPI,Flying Returns (Air India)
72,34,Female,Indian,Business,TRU0116,TruJet,Economy,944,Ahmedabad,Lucknow,10,0,01:07,Domestic,Excellent,Excellent,Excellent,Excellent,Excellent,Excellent,Excellent,Excellent,Excellent,No Connection,Yes,Dissatisfied,Yes,No,No complaint,No valid feedback,Aisle,Silver,Yes,No,No,Travel Agency,No,Yes,Yes,Sometimes,Bangalore - Hyderabad,Debit Card,IndiGo 6E Rewards
73,42,Male,Indian,Family,GOA0248,GoAir,First Class,992,Bhubaneswar,Chennai,10,10,01:10,Domestic,Excellent,Good,Excellent,Poor,Excellent,Excellent,Excellent,Excellent,Excellent,Unavailable,No,Neutral,No,No,No complaint,Loved the flight.,Window,Silver,Yes,No,No,Online,No,Yes,No,Yes,Delhi - Mumbai,Credit Card,Flying Returns (Air India)
74,45,Female,Indian,Leisure,VST0485,Vistara,Economy,1273,Pune,Bhubaneswar,20,20,01:30,Domestic,Excellent,Excellent,Good,Poor,Excellent,Excellent,Good,Excellent,Excellent,Poor,No,Dissatisfied,Yes,No,No complaint,Good,Aisle,Silver,Yes,No,No,Mobile App,No,No,No,Yes,Pune - Delhi,UPI,SpiceClub
75,42,Male,Indian,Leisure,AI126,Air India,Business,508,Lucknow,Jaipur,0,10,00:36,Domestic,Good,Excellent,Poor,Excellent,Excellent,Excellent,Excellent,Excellent,Excellent,No Connection,Yes,Dissatisfied,Yes,No,No complaint,No valid feedback,Window,Platinum,Yes,Yes,Yes,Travel Agency,Yes,No,Yes,Sometimes,Delhi - Mumbai,UPI,IndiGo 6E Rewards
76,20,Female,Indian,Other,VST0248,Vistara,Economy,1260,Jaipur,Bhubaneswar,0,30,01:29,Domestic,Good,Excellent,Excellent,Excellent,Excellent,Excellent,Excellent,Excellent,Excellent,No Connection,Yes,Happy,Maybe,No,No complaint,Great service!,Middle,Gold,Yes,No,No,Mobile App,No,Yes,Yes,Yes,Pune - Delhi,UPI,IndiGo 6E Rewards
77,23,Female,Indian,Leisure,GOA0891,GoAir,First Class,1189,Bhubaneswar,Bangalore,0,50,01:24,Domestic,Excellent,Poor,Excellent,Excellent,Excellent,Excellent,Excellent,Excellent,Good,Poor,Yes,Neutral,No,No,No complaint,No valid feedback,Window,Silver,Yes,No,No,Travel Agency,No,No,No,Sometimes,Bangalore - Hyderabad,Debit Card,IndiGo 6E Rewards
78,31,Female,Indian,Business,AI463,Air India,Economy,1260,Jaipur,Bhubaneswar,40,20,01:29,Domestic,Excellent,Excellent,Excellent,Excellent,Excellent,Excellent,Excellent,Excellent,Excellent,No Connection,Yes,Dissatisfied,Yes,No,No complaint,Loved the flight.,Window,Silver,No,No,No,Travel Agency,No,No,No,Sometimes,Not Applicable,Net Banking,SpiceClub
79,50,Female,Indian,Leisure,AI351,Air India,Business,1496,Ahmedabad,Kochi,20,10,01:46,Domestic,Excellent,Excellent,Excellent,Excellent,Excellent,Excellent,Excellent,Good,Excellent,No Connection,No,Neutral,No,No,No complaint,Good,Window,Silver,No,No,No,Travel Agency,Yes,Yes,Yes,No,Not Applicable,Debit Card,Flying Returns (Air India)
80,59,Female,Indian,Family,GOA0990,GoAir,First Class,1185,Hyderabad,Kolkata,40,20,01:24,Domestic,Excellent,Excellent,Excellent,Excellent,Poor,Excellent,Excellent,Excellent,Poor,Unavailable,No,Satisfied,Yes,No,No complaint,No valid feedback,Window,Silver,No,Yes,Yes,Travel Agency,Yes,No,No,Yes,Not Applicable,Credit Card,Club Vistara
81,38,Female,Indian,Family,VST0248,Vistara,Economy,541,Jaipur,Ahmedabad,0,40,00:38,Domestic,Poor,Good,Excellent,Excellent,Excellent,Poor,Excellent,Excellent,Poor,No Connection,No,Neutral,No,No,No complaint,Good,Middle,Silver,Yes,No,No,Mobile App,No,No,No,No,Bangalore - Hyderabad,UPI,Club Vistara
82,36,Female,Indian,Leisure,AI395,Air India,First Class,1555,Kolkata,Bangalore,50,30,01:50,Domestic,Excellent,Excellent,Good,Excellent,Excellent,Poor,Excellent,Excellent,Poor,Unavailable,Yes,Neutral,No,No,No complaint,No valid feedback,Middle,Gold,No,No,No,Mobile App,No,No,No,Sometimes,Not Applicable,Debit Card,Club Vistara
83,55,Female,Indian,Other,GOA0248,GoAir,Economy,1093,Hyderabad,Jaipur,40,20,01:17,Domestic,Excellent,Excellent,Excellent,Excellent,Excellent,Excellent,Poor,Excellent,Excellent,No Connection,Yes,Satisfied,No,No,No complaint,Good,Middle,Gold,Yes,No,No,Travel Agency,No,Yes,No,Sometimes,Bangalore - Hyderabad,UPI,SpiceClub
84,19,Female,Indian,Family,AI827,Air India,First Class,492,Bangalore,Hyderabad,0,10,00:35,Domestic,Good,Excellent,Excellent,Excellent,Excellent,Excellent,Excellent,Poor,Excellent,Unavailable,No,Neutral,Maybe,No,No complaint,No valid feedback,Middle,Gold,Yes,No,No,Travel Agency,No,No,Yes,Sometimes,Delhi - Mumbai,Net Banking,SpiceClub
85,47,Male,Indian,Family,AI486,Air India,Economy,921,Mumbai,Jaipur,0,0,01:05,Domestic,Excellent,Good,Poor,Excellent,Excellent,Excellent,Excellent,Poor,Good,No Connection,Yes,Satisfied,Maybe,Yes,Other,Food was cold.,Middle,Platinum,Yes,Yes,Yes,Airport Counter,Yes,Yes,Yes,Sometimes,Bangalore - Hyderabad,Net Banking,IndiGo 6E Rewards
86,29,Female,Indian,Other,AI883,Air India,Economy,1185,Kolkata,Hyderabad,0,20,01:24,Domestic,Excellent,Excellent,Excellent,Good,Excellent,Excellent,Excellent,Excellent,Excellent,Unavailable,No,Happy,Yes,No,No complaint,Good,Aisle,Gold,Yes,Yes,Yes,Online,Yes,Yes,No,Sometimes,Delhi - Mumbai,Credit Card,Club Vistara
87,52,Female,Indian,Leisure,AI0923,Air India,Economy,1589,Guwahati,Jaipur,0,20,01:52,Domestic,Excellent,Excellent,Excellent,Excellent,Good,Excellent,Excellent,Excellent,Excellent,Unavailable,No,Satisfied,Maybe,Yes,Food,Terrible experience.,Middle,Silver,No,No,No,Travel Agency,No,No,Yes,Sometimes,Not Applicable,Net Banking,Club Vistara
88,65,Female,Indian,Family,SJ0610,SpiceJet,Business,1732,Bangalore,Delhi,0,0,02:02,Domestic,Poor,Excellent,Excellent,Excellent,Poor,Excellent,Excellent,Excellent,Poor,Unavailable,Yes,Neutral,Maybe,Yes,Unhygienic Toilets,Complaint details not provided,Aisle,Silver,Yes,No,No,Travel Agency,No,Yes,No,Sometimes,Pune - Delhi,Debit Card,Club Vistara
89,44,Male,Indian,Family,VST0248,Vistara,First Class,516,Pune,Ahmedabad,10,0,00:36,Domestic,Excellent,Excellent,Good,Excellent,Excellent,Good,Excellent,Poor,Excellent,Unavailable,Yes,Neutral,Yes,Yes,Long Security Check,Complaint details not provided,Middle,Silver,Yes,Yes,Yes,Online,Yes,No,Yes,Yes,Delhi - Mumbai,UPI,SpiceClub
90,57,Female,Indian,Leisure,AI367,Air India,First Class,1555,Kolkata,Bangalore,20,0,01:50,Domestic,Good,Poor,Excellent,Excellent,Excellent,Excellent,Excellent,Excellent,Excellent,Unavailable,Yes,Happy,No,Yes,Turbulence,Bad,Window,Silver,Yes,Yes,Yes,Travel Agency,No,Yes,No,Yes,Delhi - Mumbai,Net Banking,SpiceClub
91,26,Female,Indian,Leisure,AKA0381,Akasa Air,Business,1368,Ahmedabad,Chennai,10,10,01:37,Domestic,Good,Excellent,Excellent,Excellent,Excellent,Excellent,Excellent,Excellent,Excellent,Unavailable,Yes,Happy,Yes,No,No complaint,No valid feedback,Window,Silver,Yes,No,No,Airport Counter,No,No,No,Yes,Bangalore - Hyderabad,Net Banking,Flying Returns (Air India)
92,39,Female,Indian,Leisure,SJ0753,SpiceJet,First Class,1276,Bhubaneswar,Delhi,10,50,01:30,Domestic,Excellent,Excellent,Excellent,Excellent,Good,Excellent,Excellent,Excellent,Excellent,Unavailable,No,Neutral,Yes,No,No complaint,No valid feedback,Window,Gold,Yes,No,No,Travel Agency,Yes,Yes,Yes,Yes,Delhi - Mumbai,UPI,Flying Returns (Air India)
93,31,Female,Indian,Leisure,IND0539,Indigo,First Class,1555,Kolkata,Bangalore,50,30,01:50,Domestic,Excellent,Excellent,Good,Excellent,Excellent,Good,Poor,Poor,Excellent,Unavailable,Yes,Neutral,No,Yes,Delay,Complaint details not provided,Window,Silver,No,No,No,Airport Counter,No,Yes,No,Yes,Not Applicable,Net Banking,IndiGo 6E Rewards
94,48,Female,Indian,Leisure,AI125,Air India,First Class,773,Ahmedabad,Delhi,30,0,00:55,Domestic,Excellent,Excellent,Excellent,Excellent,Excellent,Excellent,Excellent,Excellent,Excellent,Unavailable,No,Satisfied,Maybe,No,No complaint,No valid feedback,Window,Platinum,No,No,No,Mobile App,No,Yes,Yes,Sometimes,Not Applicable,UPI,Club Vistara
95,27,Female,Indian,Other,AI951,Air India,First Class,1882,Guwahati,Chennai,60,30,02:13,Domestic,Good,Excellent,Excellent,Poor,Excellent,Excellent,Excellent,Excellent,Excellent,No Connection,No,Neutral,No,No,No complaint,Good,Middle,Gold,Yes,Yes,Yes,Mobile App,No,No,No,Yes,Chennai - Kolkata,Debit Card,Club Vistara
96,49,Female,Indian,Family,AI144,Air India,Economy,1882,Chennai,Guwahati,50,20,02:13,Domestic,Excellent,Excellent,Poor,Excellent,Excellent,Excellent,Excellent,Poor,Excellent,Unavailable,No,Satisfied,Maybe,Yes,Unhygienic Toilets,Complaint details not provided,Middle,Gold,No,No,No,Mobile App,No,Yes,Yes,No,Not Applicable,Net Banking,Flying Returns (Air India)
97,27,Male,Indian,Other,TRU0248,TruJet,Economy,1535,Bhubaneswar,Kochi,70,10,01:48,Domestic,Excellent,Good,Excellent,Excellent,Good,Excellent,Poor,Excellent,Excellent,Excellent,Yes,Satisfied,Yes,No,No complaint,No valid feedback,Aisle,Silver,Yes,No,No,Airport Counter,No,No,Yes,Yes,Delhi - Mumbai,Debit Card,IndiGo 6E Rewards
98,44,Male,Indian,Leisure,AAI0252,AirAsia India,First Class,511,Chennai,Hyderabad,0,10,00:36,Domestic,Excellent,Excellent,Excellent,Excellent,Excellent,Poor,Excellent,Excellent,Good,Unavailable,No,Happy,Yes,No,No complaint,Good,Middle,Gold,Yes,Yes,Yes,Online,Yes,Yes,Yes,Sometimes,Delhi - Mumbai,Net Banking,Flying Returns (Air India)
99,37,Female,Indian,Other,IND0248,Indigo,First Class,2027,Pune,Guwahati,0,0,02:23,Domestic,Excellent,Excellent,Excellent,Excellent,Good,Excellent,Poor,Excellent,Excellent,Fair,Yes,Satisfied,No,No,No complaint,Great service!,Window,Silver,No,Yes,Yes,Airport Counter,No,No,Yes,No,Not Applicable,Credit Card,IndiGo 6E Rewards
100,47,Male,Indian,Leisure,IND0248,Indigo,First Class,1751,Delhi,Chennai,0,70,02:04,Domestic,Good,Excellent,Good,Good,Excellent,Excellent,Excellent,Excellent,Poor,Unavailable,Yes,Neutral,Maybe,Yes,Delay,Terrible experience.,Aisle,Gold,No,Yes,Yes,Travel Agency,Yes,Yes,No,Sometimes,Not Applicable,Net Banking,IndiGo 6E Rewards
101,36,Female,Indian,Leisure,GOA0629,GoAir,Business,1901,Kochi,Kolkata,20,30,02:14,Domestic,Excellent,Poor,Excellent,Poor,Excellent,Excellent,Excellent,Excellent,Excellent,Poor,Yes,Neutral,No,Yes,Unhygienic Toilets,Food was cold.,Aisle,Platinum,No,Yes,Yes,Airport Counter,No,Yes,Yes,Yes,Not Applicable,UPI,IndiGo 6E Rewards
102,49,Female,Indian,Business,AI759,Air India,Economy,1189,Bhubaneswar,Bangalore,70,80,01:24,Domestic,Excellent,Excellent,Excellent,Excellent,Excellent,Excellent,Excellent,Excellent,Excellent,Unavailable,Yes,Neutral,Yes,No,No complaint,No valid feedback,Window,Gold,No,Yes,Yes,Mobile App,No,No,No,Sometimes,Not Applicable,Net Banking,Club Vistara
103,35,Male,Indian,Leisure,AI879,Air India,Economy,492,Bangalore,Hyderabad,20,30,00:35,Domestic,Excellent,Excellent,Excellent,Excellent,Excellent,Poor,Poor,Excellent,Excellent,No Connection,No,Dissatisfied,Maybe,No,No complaint,Good,Middle,Gold,Yes,Yes,Yes,Airport Counter,Yes,Yes,No,No,Delhi - Mumbai,Net Banking,Club Vistara
104,33,Female,Indian,Leisure,ALN0248,Alliance Air,Economy,511,Hyderabad,Chennai,0,40,00:36,Domestic,Excellent,Excellent,Excellent,Excellent,Excellent,Excellent,Good,Good,Excellent,Unavailable,Yes,Satisfied,No,No,No complaint,Loved the flight.,Aisle,Silver,No,Yes,Yes,Mobile App,No,Yes,Yes,Yes,Not Applicable,Debit Card,Club Vistara
105,40,Female,Indian,Leisure,GOA0518,GoAir,First Class,1683,Hyderabad,Guwahati,30,10,01:59,Domestic,Excellent,Poor,Excellent,Excellent,Poor,Excellent,Excellent,Good,Excellent,Unavailable,Yes,Happy,Yes,No,No complaint,No valid feedback,Middle,Silver,No,No,No,Mobile App,No,No,No,No,Not Applicable,Net Banking,Club Vistara
106,48,Male,Indian,Other,IND0248,Indigo,Economy,944,Ahmedabad,Lucknow,10,20,01:07,Domestic,Excellent,Good,Excellent,Excellent,Excellent,Excellent,Excellent,Excellent,Good,No Connection,Yes,Satisfied,Yes,Yes,Service,Terrible experience.,Middle,Gold,Yes,No,No,Airport Counter,No,Yes,No,Yes,Pune - Delhi,UPI,Club Vistara
107,45,Female,Indian,Leisure,GOA0680,GoAir,First Class,287,Bangalore,Chennai,10,30,00:20,Domestic,Excellent,Excellent,Excellent,Excellent,Excellent,Excellent,Excellent,Excellent,Poor,No Connection,No,Dissatisfied,No,Yes,Broken Entertainment System,Complaint details not provided,Middle,Gold,No,Yes,Yes,Travel Agency,No,No,Yes,Sometimes,Not Applicable,Debit Card,Flying Returns (Air India)
108,46,Female,Indian,Leisure,AKA0248,Akasa Air,First Class,1931,Lucknow,Kochi,30,0,02:16,Domestic,Excellent,Excellent,Excellent,Excellent,Excellent,Excellent,Good,Excellent,Excellent,Good,Yes,Neutral,Yes,No,No complaint,Good,Aisle,Silver,Yes,Yes,Yes,Airport Counter,Yes,No,Yes,Sometimes,Bangalore - Hyderabad,Debit Card,IndiGo 6E Rewards
109,44,Female,Indian,Business,AI546,Air India,First Class,527,Guwahati,Kolkata,20,0,00:37,Domestic,Excellent,Poor,Excellent,Good,Excellent,Excellent,Poor,Good,Excellent,Excellent,Yes,Dissatisfied,No,No,No complaint,No valid feedback,Window,Silver,Yes,No,No,Online,No,No,No,Yes,Chennai - Kolkata,UPI,Club Vistara
110,46,Female,Indian,Leisure,AI0248,Air India,Business,1466,Guwahati,Delhi,0,0,01:44,Domestic,Excellent,Excellent,Good,Excellent,Excellent,Excellent,Excellent,Excellent,Excellent,Unavailable,No,Satisfied,No,Yes,Bad Experience,Bad,Window,Silver,Yes,No,No,Airport Counter,No,Yes,Yes,Sometimes,Pune - Delhi,Net Banking,Club Vistara
111,29,Male,Indian,Leisure,AI489,Air India,Economy,2068,Delhi,Kochi,0,0,02:26,Domestic,Poor,Good,Excellent,Poor,Poor,Poor,Excellent,Excellent,Excellent,Unavailable,No,Neutral,No,No,No complaint,Great service!,Middle,Silver,Yes,No,No,Travel Agency,No,No,Yes,No,Bangalore - Hyderabad,Credit Card,SpiceClub
112,49,Male,Indian,Leisure,GOA0248,GoAir,First Class,2427,Guwahati,Kochi,20,20,02:51,Domestic,Excellent,Excellent,Poor,Excellent,Good,Good,Excellent,Excellent,Poor,Unavailable,Yes,Neutral,Yes,No,No complaint,Good,Window,Gold,Yes,No,No,Travel Agency,Yes,No,Yes,No,Delhi - Mumbai,UPI,IndiGo 6E Rewards
113,40,Female,Indian,Leisure,AAI0248,AirAsia India,Economy,992,Bhubaneswar,Chennai,10,10,01:10,Domestic,Excellent,Poor,Poor,Excellent,Excellent,Excellent,Excellent,Excellent,Excellent,Unavailable,Yes,Satisfied,No,No,No complaint,Good,Window,Silver,No,Yes,Yes,Airport Counter,No,Yes,Yes,Sometimes,Not Applicable,UPI,Flying Returns (Air India)
114,25,Female,Indian,Business,ALN0955,Alliance Air,Business,1496,Ahmedabad,Kochi,30,0,01:46,Domestic,Poor,Good,Excellent,Excellent,Poor,Excellent,Excellent,Excellent,Excellent,Unavailable,Yes,Satisfied,Yes,No,No complaint,Good,Aisle,Gold,Yes,No,No,Online,Yes,No,No,Yes,Chennai - Kolkata,Credit Card,IndiGo 6E Rewards
115,37,Female,Indian,Leisure,AI267,Air India,Economy,1185,Kolkata,Hyderabad,10,10,01:24,Domestic,Good,Poor,Excellent,Excellent,Excellent,Excellent,Excellent,Excellent,Excellent,Unavailable,Yes,Satisfied,Yes,No,No complaint,No valid feedback,Window,Gold,Yes,No,No,Mobile App,Yes,No,Yes,Sometimes,Pune - Delhi,Debit Card,IndiGo 6E Rewards
116,48,Female,Indian,Family,AI320,Air India,Economy,884,Bhubaneswar,Lucknow,30,10,01:02,Domestic,Good,Excellent,Excellent,Excellent,Excellent,Excellent,Excellent,Poor,Good,No Connection,No,Neutral,No,No,No complaint,No valid feedback,Window,Platinum,Yes,Yes,Yes,Airport Counter,No,Yes,Yes,No,Chennai - Kolkata,UPI,Club Vistara
117,38,Female,Indian,Leisure,ALN0487,Alliance Air,First Class,913,Chennai,Pune,60,0,01:04,Domestic,Excellent,Good,Excellent,Excellent,Excellent,Excellent,Poor,Excellent,Excellent,Excellent,No,Neutral,No,No,No complaint,No valid feedback,Window,Platinum,Yes,No,No,Travel Agency,No,Yes,Yes,Sometimes,Chennai - Kolkata,Credit Card,IndiGo 6E Rewards
118,50,Female,Indian,Leisure,AI583,Air India,First Class,1356,Kolkata,Jaipur,20,0,01:36,Domestic,Excellent,Poor,Excellent,Excellent,Excellent,Excellent,Poor,Excellent,Excellent,No Connection,Yes,Happy,Yes,No,No complaint,Good,Middle,Silver,Yes,No,No,Mobile App,No,No,Yes,Yes,Delhi - Mumbai,Credit Card,SpiceClub
119,42,Female,Indian,Leisure,VST0521,Vistara,Business,511,Chennai,Hyderabad,60,40,00:36,Domestic,Excellent,Excellent,Poor,Excellent,Excellent,Good,Poor,Excellent,Good,Unavailable,Yes,Neutral,Maybe,No,No complaint,No valid feedback,Middle,Platinum,Yes,Yes,Yes,Mobile App,No,Yes,Yes,Yes,Bangalore - Hyderabad,UPI,Club Vistara
120,53,Male,Indian,Other,AKA0248,Akasa Air,First Class,842,Mumbai,Bangalore,0,0,00:59,Domestic,Excellent,Excellent,Good,Excellent,Excellent,Poor,Good,Excellent,Excellent,Poor,No,Satisfied,No,No,No complaint,No valid feedback,Window,Platinum,Yes,Yes,Yes,Travel Agency,No,Yes,Yes,Yes,Delhi - Mumbai,UPI,SpiceClub
121,49,Female,Indian,Business,IND0248,Indigo,Economy,1589,Guwahati,Jaipur,20,40,01:52,Domestic,Excellent,Poor,Good,Excellent,Poor,Poor,Poor,Excellent,Poor,No Connection,No,Neutral,Maybe,No,No complaint,No valid feedback,Middle,Platinum,Yes,Yes,Yes,Airport Counter,No,No,No,Yes,Pune - Delhi,Net Banking,SpiceClub
122,32,Male,Indian,Business,SJ0248,SpiceJet,First Class,1355,Kolkata,Chennai,0,10,01:36,Domestic,Excellent,Excellent,Excellent,Excellent,Excellent,Good,Excellent,Excellent,Excellent,Unavailable,No,Satisfied,No,Yes,Long Security Check,Bad,Middle,Silver,Yes,No,No,Travel Agency,Yes,Yes,Yes,Yes,Bangalore - Hyderabad,Debit Card,IndiGo 6E Rewards
123,23,Female,Indian,Leisure,SJ0248,SpiceJet,Business,508,Jaipur,Lucknow,10,0,00:36,Domestic,Excellent,Excellent,Excellent,Excellent,Excellent,Good,Poor,Excellent,Excellent,Unavailable,No,Happy,No,No,No complaint,No valid feedback,Middle,Silver,Yes,No,No,Airport Counter,Yes,No,Yes,Yes,Delhi - Mumbai,Debit Card,Club Vistara
124,48,Female,Indian,Leisure,AAI0884,AirAsia India,Economy,944,Lucknow,Ahmedabad,30,80,01:07,Domestic,Excellent,Excellent,Excellent,Excellent,Excellent,Excellent,Excellent,Excellent,Excellent,Fair,Yes,Neutral,No,Yes,Bad Experience,Complaint details not provided,Middle,Silver,No,No,No,Online,No,Yes,Yes,Yes,Not Applicable,UPI,SpiceClub
125,45,Female,Indian,Leisure,AI700,Air India,Business,508,Lucknow,Jaipur,10,40,00:36,Domestic,Poor,Excellent,Excellent,Excellent,Poor,Excellent,Poor,Excellent,Good,Unavailable,No,Happy,Maybe,No,No complaint,No valid feedback,Middle,Gold,No,No,No,Airport Counter,Yes,No,Yes,No,Not Applicable,UPI,Club Vistara
126,43,Female,Indian,Leisure,SJ0287,SpiceJet,Economy,1589,Jaipur,Guwahati,10,30,01:52,Domestic,Excellent,Poor,Good,Excellent,Good,Excellent,Poor,Excellent,Excellent,Unavailable,Yes,Dissatisfied,No,No,No complaint,No valid feedback,Middle,Platinum,No,Yes,Yes,Airport Counter,Yes,Yes,Yes,No,Not Applicable,Net Banking,Club Vistara
127,26,Female,Indian,Business,TRU0217,TruJet,Business,1147,Mumbai,Delhi,0,30,01:21,Domestic,Excellent,Excellent,Excellent,Excellent,Good,Poor,Excellent,Excellent,Excellent,No Connection,Yes,Neutral,No,No,No complaint,Good,Middle,Silver,No,No,No,Travel Agency,No,Yes,No,Sometimes,Not Applicable,Net Banking,Club Vistara
128,60,Female,Indian,Business,AI437,Air India,Economy,366,Kochi,Bangalore,50,10,00:26,Domestic,Excellent,Excellent,Excellent,Excellent,Excellent,Good,Good,Poor,Excellent,No Connection,No,Happy,Maybe,No,No complaint,Good,Middle,Gold,Yes,Yes,Yes,Online,Yes,No,No,No,Chennai - Kolkata,UPI,SpiceClub
129,49,Female,Indian,Leisure,GOA0248,GoAir,Economy,2427,Guwahati,Kochi,0,0,02:51,Domestic,Good,Excellent,Excellent,Excellent,Good,Poor,Poor,Excellent,Excellent,Unavailable,Yes,Satisfied,No,No,No complaint,Good,Window,Platinum,Yes,Yes,Yes,Travel Agency,No,No,No,Yes,Pune - Delhi,Credit Card,SpiceClub
130,49,Female,Indian,Leisure,AKA0248,Akasa Air,Economy,1751,Delhi,Chennai,0,70,02:04,Domestic,Poor,Good,Excellent,Excellent,Good,Good,Excellent,Good,Poor,Unavailable,No,Satisfied,No,No,No complaint,Good,Middle,Silver,No,Yes,Yes,Travel Agency,No,Yes,No,No,Not Applicable,Credit Card,Flying Returns (Air India)
131,38,Male,Indian,Leisure,AKA0248,Akasa Air,Business,1732,Delhi,Bangalore,60,0,02:02,Domestic,Excellent,Excellent,Excellent,Excellent,Poor,Excellent,Excellent,Poor,Excellent,Unavailable,No,Dissatisfied,Yes,No,No complaint,No valid feedback,Middle,Gold,Yes,Yes,Yes,Online,No,No,Yes,Yes,Delhi - Mumbai,Debit Card,Flying Returns (Air India)
132,38,Female,Indian,Family,AAI0427,AirAsia India,Economy,622,Hyderabad,Mumbai,0,90,00:44,Domestic,Excellent,Good,Excellent,Excellent,Excellent,Poor,Excellent,Excellent,Good,Unavailable,Yes,Happy,No,Yes,Unhygienic Toilets,Food was cold.,Middle,Platinum,Yes,Yes,Yes,Online,No,No,No,No,Chennai - Kolkata,Credit Card,Flying Returns (Air India)
133,40,Female,Indian,Other,AAI0995,AirAsia India,First Class,879,Ahmedabad,Hyderabad,0,10,01:02,Domestic,Excellent,Excellent,Good,Excellent,Excellent,Excellent,Poor,Excellent,Excellent,Excellent,No,Happy,No,No,No complaint,No valid feedback,Middle,Silver,Yes,No,No,Travel Agency,No,Yes,No,Yes,Delhi - Mumbai,Credit Card,Club Vistara
134,27,Male,Indian,Leisure,AAI0494,AirAsia India,Economy,527,Guwahati,Kolkata,10,10,00:37,Domestic,Excellent,Excellent,Excellent,Excellent,Poor,Excellent,Poor,Excellent,Excellent,Unavailable,No,Neutral,Maybe,Yes,Food,Complaint details not provided,Aisle,Silver,Yes,Yes,Yes,Mobile App,No,Yes,Yes,No,Delhi - Mumbai,Net Banking,Club Vistara
135,45,Female,Indian,Leisure,AI219,Air India,Business,558,Kochi,Chennai,60,10,00:39,Domestic,Excellent,Poor,Excellent,Good,Good,Good,Excellent,Excellent,Good,Unavailable,No,Satisfied,No,No,No complaint,No valid feedback,Aisle,Gold,Yes,No,No,Airport Counter,No,Yes,No,Sometimes,Delhi - Mumbai,Net Banking,SpiceClub
136,23,Female,Indian,Business,AI706,Air India,First Class,1971,Guwahati,Ahmedabad,10,0,02:19,Domestic,Excellent,Excellent,Excellent,Excellent,Excellent,Excellent,Excellent,Good,Excellent,Unavailable,Yes,Happy,Maybe,No,No complaint,No valid feedback,Window,Gold,No,No,No,Travel Agency,Yes,Yes,No,Sometimes,Not Applicable,Net Banking,IndiGo 6E Rewards
137,53,Female,Indian,Leisure,TRU0413,TruJet,Business,1406,Ahmedabad,Bhubaneswar,0,30,01:39,Domestic,Excellent,Excellent,Excellent,Poor,Good,Good,Excellent,Good,Excellent,Unavailable,No,Dissatisfied,No,No,No complaint,Good,Middle,Platinum,No,Yes,Yes,Airport Counter,Yes,Yes,No,No,Not Applicable,Debit Card,Club Vistara
138,26,Male,Indian,Other,AI574,Air India,Economy,1356,Jaipur,Kolkata,70,50,01:36,Domestic,Good,Poor,Excellent,Good,Excellent,Excellent,Excellent,Excellent,Excellent,Poor,No,Neutral,Yes,Yes,Long Security Check,Terrible experience.,Window,Gold,Yes,No,No,Travel Agency,No,Yes,No,No,Chennai - Kolkata,Credit Card,Club Vistara
139,30,Female,Indian,Leisure,VST0248,Vistara,Economy,1406,Ahmedabad,Bhubaneswar,10,30,01:39,Domestic,Excellent,Excellent,Poor,Good,Good,Excellent,Poor,Excellent,Excellent,Fair,No,Happy,Maybe,Yes,Bad Experience,Complaint details not provided,Window,Silver,Yes,Yes,Yes,Mobile App,No,No,No,No,Delhi - Mumbai,Credit Card,IndiGo 6E Rewards
140,35,Male,Indian,Leisure,AI447,Air India,First Class,733,Bangalore,Pune,10,40,00:52,Domestic,Excellent,Poor,Poor,Excellent,Excellent,Excellent,Excellent,Good,Poor,Unavailable,Yes,Neutral,No,Yes,Bad Experience,Food was cold.,Window,Platinum,Yes,No,No,Travel Agency,No,Yes,No,No,Delhi - Mumbai,Credit Card,Flying Returns (Air India)
141,52,Male,Indian,Leisure,VST0454,Vistara,First Class,1555,Kolkata,Bangalore,0,0,01:50,Domestic,Poor,Excellent,Poor,Excellent,Excellent,Good,Excellent,Excellent,Excellent,Unavailable,No,Dissatisfied,No,No,No complaint,Good,Middle,Platinum,Yes,No,No,Mobile App,Yes,No,No,No,Bangalore - Hyderabad,Net Banking,Club Vistara
142,39,Female,Indian,Leisure,IND0248,Indigo,Business,2078,Bangalore,Guwahati,20,20,02:27,Domestic,Excellent,Excellent,Excellent,Excellent,Excellent,Excellent,Excellent,Excellent,Excellent,No Connection,Yes,Dissatisfied,No,Yes,Other,No valid feedback,Middle,Silver,Yes,Yes,Yes,Travel Agency,Yes,Yes,No,Yes,Chennai - Kolkata,UPI,IndiGo 6E Rewards
143,29,Female,Indian,Leisure,AI0876,Air India,Business,1194,Lucknow,Mumbai,0,30,01:24,Domestic,Poor,Excellent,Excellent,Excellent,Excellent,Good,Excellent,Excellent,Good,Unavailable,No,Neutral,No,Yes,Unhygienic Toilets,WiFi was not working.,Window,Silver,Yes,No,No,Online,No,No,No,Yes,Pune - Delhi,Credit Card,Club Vistara
144,56,Female,Indian,Business,SJ0248,SpiceJet,First Class,1366,Bhubaneswar,Mumbai,30,0,01:36,Domestic,Excellent,Excellent,Excellent,Excellent,Poor,Excellent,Good,Good,Excellent,Unavailable,No,Happy,No,Yes,Other,Complaint details not provided,Window,Platinum,No,Yes,Yes,Online,No,Yes,Yes,No,Not Applicable,UPI,Flying Returns (Air India)
145,32,Female,Indian,Family,VST0129,Vistara,Economy,1368,Chennai,Ahmedabad,0,10,01:37,Domestic,Excellent,Excellent,Poor,Excellent,Excellent,Excellent,Excellent,Excellent,Excellent,No Connection,Yes,Neutral,Maybe,No,No complaint,Good,Window,Silver,Yes,Yes,Yes,Travel Agency,Yes,No,No,No,Delhi - Mumbai,UPI,Club Vistara
146,28,Female,Indian,Leisure,TRU0248,TruJet,First Class,1093,Hyderabad,Jaipur,30,20,01:17,Domestic,Excellent,Excellent,Excellent,Excellent,Excellent,Good,Excellent,Excellent,Excellent,Unavailable,Yes,Dissatisfied,Yes,Yes,Unhygienic Toilets,Complaint details not provided,Aisle,Gold,No,No,No,Online,Yes,No,No,No,Not Applicable,Net Banking,SpiceClub
147,38,Female,Indian,Other,AKA0248,Akasa Air,Economy,558,Chennai,Kochi,30,20,00:39,Domestic,Poor,Excellent,Excellent,Excellent,Excellent,Good,Good,Excellent,Good,Unavailable,No,Dissatisfied,No,Yes,Bad Experience,Complaint details not provided,Middle,Platinum,No,Yes,Yes,Airport Counter,No,Yes,Yes,No,Not Applicable,Net Banking,Club Vistara
148,52,Male,Indian,Business,AI913,Air India,First Class,1031,Chennai,Mumbai,0,20,01:13,Domestic,Excellent,Good,Excellent,Excellent,Excellent,Poor,Excellent,Excellent,Excellent,No Connection,Yes,Happy,No,No,No complaint,No valid feedback,Middle,Gold,No,No,No,Mobile App,Yes,Yes,No,No,Not Applicable,Credit Card,Club Vistara
149,33,Female,Indian,Leisure,AI469,Air India,Business,1260,Bhubaneswar,Jaipur,30,80,01:29,Domestic,Excellent,Excellent,Excellent,Excellent,Excellent,Excellent,Excellent,Excellent,Excellent,No Connection,No,Neutral,Maybe,No,No complaint,No valid feedback,Window,Silver,Yes,Yes,Yes,Travel Agency,Yes,No,Yes,Yes,Pune - Delhi,Debit Card,IndiGo 6E Rewards
150,39,Male,Indian,Business,AKA0248,Akasa Air,First Class,622,Mumbai,Hyderabad,10,0,00:44,Domestic,Excellent,Excellent,Excellent,Good,Excellent,Excellent,Good,Excellent,Excellent,Fair,No,Dissatisfied,No,No,No complaint,Good,Aisle,Platinum,Yes,Yes,Yes,Online,Yes,Yes,No,Yes,Delhi - Mumbai,Net Banking,Flying Returns (Air India)
151,61,Female,Indian,Leisure,AI894,Air India,Economy,853,Kochi,Hyderabad,0,20,01:00,Domestic,Poor,Excellent,Excellent,Excellent,Excellent,Excellent,Excellent,Excellent,Excellent,Excellent,No,Dissatisfied,No,No,No complaint,No valid feedback,Window,Gold,Yes,Yes,Yes,Mobile App,No,No,Yes,No,Delhi - Mumbai,Debit Card,Club Vistara
152,37,Male,Indian,Family,AI857,Air India,First Class,992,Bhubaneswar,Chennai,40,10,01:10,Domestic,Excellent,Excellent,Poor,Excellent,Excellent,Good,Excellent,Excellent,Excellent,Poor,Yes,Neutral,Yes,Yes,Food,Complaint details not provided,Middle,Platinum,No,No,No,Online,Yes,Yes,No,No,Not Applicable,UPI,Flying Returns (Air India)
153,45,Female,Indian,Business,SJ0712,SpiceJet,First Class,1276,Bhubaneswar,Delhi,40,10,01:30,Domestic,Excellent,Excellent,Excellent,Excellent,Poor,Excellent,Excellent,Good,Excellent,No Connection,No,Happy,No,No,No complaint,Great service!,Middle,Silver,Yes,Yes,Yes,Travel Agency,Yes,No,No,Yes,Chennai - Kolkata,Net Banking,Club Vistara
154,41,Female,Indian,Family,ALN0248,Alliance Air,First Class,1185,Hyderabad,Kolkata,20,20,01:24,Domestic,Good,Excellent,Excellent,Excellent,Excellent,Excellent,Excellent,Good,Good,Unavailable,No,Neutral,Maybe,Yes,Service,Food was cold.,Middle,Gold,Yes,No,No,Mobile App,No,Yes,Yes,No,Delhi - Mumbai,Net Banking,IndiGo 6E Rewards
155,49,Female,Indian,Leisure,AI681,Air India,First Class,1876,Kochi,Jaipur,30,30,02:12,Domestic,Excellent,Excellent,Excellent,Good,Excellent,Excellent,Excellent,Good,Excellent,Fair,Yes,Satisfied,Maybe,Yes,Bad Experience,Complaint details not provided,Aisle,Platinum,No,No,No,Travel Agency,No,Yes,No,Yes,Not Applicable,Debit Card,IndiGo 6E Rewards
156,37,Female,Indian,Leisure,AI581,Air India,Economy,944,Ahmedabad,Lucknow,40,20,01:07,Domestic,Excellent,Excellent,Poor,Good,Excellent,Excellent,Excellent,Excellent,Excellent,Unavailable,Yes,Dissatisfied,No,No,No complaint,Good,Aisle,Silver,No,No,No,Travel Agency,No,Yes,Yes,Sometimes,Not Applicable,UPI,SpiceClub
157,29,Male,Indian,Leisure,AI828,Air India,First Class,1589,Guwahati,Jaipur,0,30,01:52,Domestic,Poor,Poor,Excellent,Excellent,Excellent,Excellent,Excellent,Excellent,Excellent,No Connection,Yes,Satisfied,Maybe,Yes,Bad Experience,Complaint details not provided,Window,Platinum,Yes,No,No,Mobile App,Yes,Yes,Yes,No,Chennai - Kolkata,Debit Card,IndiGo 6E Rewards
158,54,Female,Indian,Family,AKA0945,Akasa Air,Business,366,Kolkata,Bhubaneswar,80,0,00:26,Domestic,Good,Excellent,Good,Excellent,Excellent,Poor,Excellent,Excellent,Poor,Excellent,Yes,Neutral,No,No,No complaint,Good,Middle,Silver,Yes,No,No,Airport Counter,No,Yes,Yes,Sometimes,Delhi - Mumbai,Debit Card,Club Vistara
159,19,Female,Indian,Leisure,IND0342,Indigo,Business,981,Kochi,Pune,30,30,01:09,Domestic,Excellent,Good,Excellent,Poor,Excellent,Poor,Excellent,Excellent,Excellent,Excellent,No,Neutral,No,Yes,Long Security Check,WiFi was not working.,Aisle,Platinum,No,No,No,Mobile App,No,Yes,No,Sometimes,Not Applicable,Credit Card,Flying Returns (Air India)
160,43,Female,Indian,Family,SJ0760,SpiceJet,Business,1600,Jaipur,Chennai,20,10,01:53,Domestic,Excellent,Excellent,Excellent,Excellent,Excellent,Excellent,Excellent,Excellent,Excellent,Fair,Yes,Dissatisfied,No,No,No complaint,No valid feedback,Aisle,Gold,Yes,No,No,Online,Yes,Yes,No,Yes,Pune - Delhi,Credit Card,SpiceClub
161,45,Female,Indian,Leisure,AI304,Air India,First Class,1600,Chennai,Jaipur,0,20,01:53,Domestic,Excellent,Excellent,Good,Poor,Excellent,Good,Good,Excellent,Poor,Poor,No,Happy,No,No,No complaint,No valid feedback,Window,Silver,Yes,No,No,Travel Agency,Yes,No,Yes,No,Bangalore - Hyderabad,UPI,Club Vistara
162,31,Male,Indian,Leisure,AI433,Air India,First Class,1194,Mumbai,Lucknow,20,0,01:24,Domestic,Excellent,Poor,Excellent,Excellent,Excellent,Excellent,Excellent,Excellent,Excellent,No Connection,No,Satisfied,Maybe,Yes,Bad Experience,Complaint details not provided,Aisle,Platinum,Yes,No,No,Online,Yes,No,No,Yes,Delhi - Mumbai,Net Banking,Club Vistara
163,32,Female,Indian,Leisure,AI898,Air India,First Class,1931,Lucknow,Kochi,10,10,02:16,Domestic,Poor,Poor,Excellent,Poor,Excellent,Excellent,Excellent,Excellent,Excellent,Poor,Yes,Satisfied,Yes,No,No complaint,No valid feedback,Middle,Platinum,Yes,Yes,Yes,Mobile App,No,No,No,Sometimes,Chennai - Kolkata,UPI,Club Vistara
164,22,Female,Indian,Family,SJ0316,SpiceJet,Economy,1260,Jaipur,Bhubaneswar,20,10,01:29,Domestic,Good,Excellent,Excellent,Good,Excellent,Excellent,Excellent,Excellent,Excellent,No Connection,Yes,Neutral,Yes,No,No complaint,No valid feedback,Aisle,Platinum,Yes,No,No,Online,Yes,No,No,Yes,Delhi - Mumbai,Credit Card,SpiceClub
165,27,Female,Indian,Leisure,AAI0249,AirAsia India,Business,2078,Bangalore,Guwahati,30,10,02:27,Domestic,Good,Excellent,Excellent,Excellent,Excellent,Poor,Excellent,Excellent,Good,No Connection,No,Neutral,Maybe,Yes,Service,No valid feedback,Window,Silver,No,No,No,Online,No,No,No,Yes,Not Applicable,Net Banking,SpiceClub
166,41,Female,Indian,Family,SJ0156,SpiceJet,First Class,1355,Chennai,Kolkata,0,20,01:36,Domestic,Excellent,Excellent,Excellent,Poor,Excellent,Excellent,Excellent,Excellent,Excellent,Unavailable,No,Happy,No,No,No complaint,Good,Middle,Platinum,Yes,Yes,Yes,Online,No,Yes,Yes,Sometimes,Pune - Delhi,UPI,Club Vistara
167,53,Female,Indian,Family,TRU0248,TruJet,Business,287,Bangalore,Chennai,50,30,00:20,Domestic,Excellent,Excellent,Poor,Good,Excellent,Excellent,Excellent,Excellent,Excellent,Unavailable,Yes,Neutral,Yes,Yes,Unhygienic Toilets,Food was cold.,Middle,Platinum,No,Yes,Yes,Mobile App,Yes,No,No,Sometimes,Not Applicable,Net Banking,IndiGo 6E Rewards
168,57,Female,Indian,Business,GOA0885,GoAir,Business,508,Lucknow,Jaipur,0,50,00:36,Domestic,Excellent,Good,Excellent,Poor,Excellent,Excellent,Excellent,Good,Good,No Connection,No,Satisfied,Maybe,No,No complaint,No valid feedback,Aisle,Silver,Yes,Yes,Yes,Airport Counter,No,No,No,Sometimes,Bangalore - Hyderabad,Net Banking,IndiGo 6E Rewards
169,42,Female,Indian,Other,VST0248,Vistara,Economy,1931,Kochi,Lucknow,10,10,02:16,Domestic,Poor,Excellent,Excellent,Excellent,Excellent,Excellent,Excellent,Excellent,Excellent,Unavailable,Yes,Happy,No,No,No complaint,Good,Aisle,Silver,Yes,No,No,Airport Counter,No,Yes,Yes,Yes,Delhi - Mumbai,UPI,SpiceClub
170,52,Female,Indian,Other,TRU0248,TruJet,Economy,1273,Pune,Bhubaneswar,0,50,01:30,Domestic,Excellent,Poor,Excellent,Excellent,Excellent,Excellent,Excellent,Excellent,Excellent,Unavailable,Yes,Satisfied,No,No,No complaint,No valid feedback,Middle,Platinum,Yes,Yes,Yes,Airport Counter,Yes,Yes,Yes,Yes,Bangalore - Hyderabad,Debit Card,SpiceClub
171,33,Female,Indian,Business,AAI0629,AirAsia India,First Class,773,Ahmedabad,Delhi,0,0,00:55,Domestic,Excellent,Excellent,Good,Excellent,Excellent,Poor,Excellent,Excellent,Excellent,Excellent,No,Neutral,Maybe,No,No complaint,Great service!,Middle,Silver,No,Yes,Yes,Travel Agency,No,Yes,No,Sometimes,Not Applicable,Debit Card,Club Vistara
172,37,Female,Indian,Business,TRU0518,TruJet,Economy,1658,Kolkata,Mumbai,0,0,01:57,Domestic,Excellent,Excellent,Good,Excellent,Excellent,Excellent,Excellent,Excellent,Excellent,Unavailable,No,Dissatisfied,Yes,No,No complaint,Great service!,Middle,Gold,Yes,Yes,Yes,Mobile App,No,No,No,Sometimes,Delhi - Mumbai,Debit Card,SpiceClub
173,48,Female,Indian,Family,VST0141,Vistara,First Class,1931,Kochi,Lucknow,70,10,02:16,Domestic,Excellent,Excellent,Excellent,Excellent,Excellent,Excellent,Excellent,Excellent,Good,Unavailable,Yes,Neutral,No,No,No complaint,Loved the flight.,Aisle,Silver,No,Yes,Yes,Travel Agency,No,No,Yes,No,Not Applicable,UPI,SpiceClub
174,61,Female,Indian,Leisure,AI775,Air India,Economy,1368,Chennai,Ahmedabad,30,0,01:37,Domestic,Good,Excellent,Excellent,Excellent,Excellent,Excellent,Good,Excellent,Good,Unavailable,Yes,Neutral,No,No,No complaint,No valid feedback,Middle,Platinum,No,Yes,Yes,Travel Agency,No,No,No,Sometimes,Not Applicable,UPI,Club Vistara
175,53,Female,Indian,Business,AI558,Air India,First Class,1524,Chennai,Lucknow,30,10,01:48,Domestic,Excellent,Good,Excellent,Excellent,Poor,Excellent,Good,Excellent,Good,Unavailable,No,Neutral,Yes,No,No complaint,Good,Aisle,Gold,Yes,No,No,Airport Counter,No,No,Yes,Yes,Pune - Delhi,Credit Card,Club Vistara
176,51,Female,Indian,Leisure,AI129,Air India,First Class,992,Bhubaneswar,Chennai,50,0,01:10,Domestic,Poor,Excellent,Excellent,Excellent,Good,Good,Excellent,Excellent,Excellent,Poor,Yes,Dissatisfied,Yes,Yes,Food,Bad,Aisle,Gold,Yes,No,No,Mobile App,Yes,No,No,Sometimes,Chennai - Kolkata,UPI,Club Vistara
177,30,Female,Indian,Business,SJ0248,SpiceJet,First Class,1572,Lucknow,Bangalore,10,0,01:51,Domestic,Excellent,Poor,Excellent,Poor,Excellent,Good,Excellent,Excellent,Excellent,No Connection,Yes,Neutral,Maybe,No,No complaint,Loved the flight.,Middle,Silver,Yes,No,No,Online,No,No,Yes,No,Chennai - Kolkata,UPI,Flying Returns (Air India)
178,31,Male,Indian,Leisure,AI411,Air India,Economy,2093,Mumbai,Guwahati,0,20,02:28,Domestic,Excellent,Excellent,Excellent,Poor,Poor,Poor,Excellent,Excellent,Excellent,Unavailable,Yes,Neutral,No,No,No complaint,Good,Middle,Gold,Yes,Yes,Yes,Airport Counter,No,Yes,No,Sometimes,Bangalore - Hyderabad,Credit Card,SpiceClub
179,31,Female,Indian,Family,TRU0854,TruJet,Economy,992,Bhubaneswar,Chennai,40,0,01:10,Domestic,Excellent,Excellent,Excellent,Excellent,Excellent,Good,Excellent,Excellent,Excellent,Unavailable,No,Neutral,Yes,No,No complaint,Good,Middle,Gold,Yes,Yes,Yes,Mobile App,No,No,Yes,Sometimes,Delhi - Mumbai,Credit Card,Flying Returns (Air India)
180,34,Male,Indian,Leisure,AKA0248,Akasa Air,Business,1081,Guwahati,Lucknow,10,10,01:16,Domestic,Excellent,Excellent,Good,Excellent,Excellent,Excellent,Excellent,Excellent,Poor,Poor,Yes,Dissatisfied,Yes,No,No complaint,No valid feedback,Middle,Gold,Yes,Yes,Yes,Online,No,Yes,Yes,No,Bangalore - Hyderabad,Debit Card,SpiceClub
181,25,Female,Indian,Family,VST0761,Vistara,First Class,1173,Lucknow,Pune,0,10,01:23,Domestic,Excellent,Excellent,Poor,Excellent,Excellent,Good,Poor,Excellent,Excellent,Poor,Yes,Happy,Yes,No,No complaint,No valid feedback,Middle,Platinum,No,Yes,Yes,Mobile App,No,Yes,Yes,No,Not Applicable,UPI,Club Vistara
182,43,Female,Indian,Other,ALN0709,Alliance Air,Economy,1553,Bangalore,Jaipur,10,70,01:50,Domestic,Excellent,Poor,Excellent,Excellent,Excellent,Excellent,Excellent,Excellent,Poor,Unavailable,Yes,Satisfied,Maybe,No,No complaint,Loved the flight.,Window,Platinum,Yes,No,No,Travel Agency,Yes,No,No,Sometimes,Pune - Delhi,UPI,SpiceClub
183,39,Female,Indian,Leisure,AI783,Air India,Business,1535,Bhubaneswar,Kochi,10,60,01:48,Domestic,Excellent,Poor,Excellent,Excellent,Good,Excellent,Good,Excellent,Good,Good,Yes,Dissatisfied,Maybe,No,No complaint,Great service!,Aisle,Silver,No,No,No,Travel Agency,Yes,No,No,No,Not Applicable,UPI,Club Vistara
184,26,Female,Indian,Other,IND0858,Indigo,Economy,1081,Guwahati,Lucknow,40,30,01:16,Domestic,Poor,Excellent,Good,Poor,Good,Excellent,Excellent,Excellent,Excellent,Unavailable,No,Satisfied,Maybe,No,No complaint,No valid feedback,Window,Silver,Yes,No,No,Airport Counter,Yes,Yes,No,Sometimes,Delhi - Mumbai,UPI,Club Vistara
185,36,Female,Indian,Leisure,GOA0248,GoAir,Business,1683,Guwahati,Hyderabad,0,40,01:59,Domestic,Poor,Excellent,Excellent,Excellent,Good,Good,Excellent,Excellent,Excellent,Unavailable,Yes,Neutral,No,No,No complaint,No valid feedback,Middle,Silver,Yes,No,No,Airport Counter,No,No,Yes,Sometimes,Chennai - Kolkata,UPI,Flying Returns (Air India)
186,34,Female,Indian,Leisure,AI365,Air India,First Class,1189,Bhubaneswar,Bangalore,60,40,01:24,Domestic,Excellent,Excellent,Excellent,Excellent,Excellent,Excellent,Excellent,Excellent,Excellent,Poor,No,Neutral,Yes,No,No complaint,No valid feedback,Aisle,Silver,No,No,No,Online,No,No,Yes,Yes,Not Applicable,Credit Card,Flying Returns (Air India)
187,49,Male,Indian,Leisure,AI168,Air India,First Class,622,Hyderabad,Mumbai,10,0,00:44,Domestic,Excellent,Excellent,Excellent,Excellent,Good,Excellent,Excellent,Excellent,Excellent,Unavailable,No,Happy,Maybe,No,No complaint,No valid feedback,Middle,Silver,Yes,Yes,Yes,Online,No,Yes,No,Sometimes,Delhi - Mumbai,Debit Card,Club Vistara
188,35,Female,Indian,Family,SJ0248,SpiceJet,First Class,1553,Jaipur,Bangalore,10,0,01:50,Domestic,Poor,Poor,Poor,Good,Excellent,Excellent,Good,Excellent,Excellent,No Connection,No,Happy,Maybe,Yes,Bad Experience,Complaint details not provided,Middle,Gold,Yes,No,No,Online,Yes,No,No,No,Pune - Delhi,Credit Card,Flying Returns (Air India)
189,43,Female,Indian,Other,AI0248,Air India,First Class,944,Lucknow,Ahmedabad,0,10,01:07,Domestic,Excellent,Excellent,Excellent,Excellent,Excellent,Excellent,Excellent,Good,Good,Unavailable,Yes,Dissatisfied,Maybe,No,No complaint,Good,Window,Platinum,Yes,No,No,Online,No,Yes,Yes,Sometimes,Delhi - Mumbai,UPI,SpiceClub
190,37,Female,Indian,Other,TRU0100,TruJet,Business,1406,Bhubaneswar,Ahmedabad,10,0,01:39,Domestic,Excellent,Excellent,Excellent,Poor,Excellent,Excellent,Excellent,Excellent,Excellent,No Connection,Yes,Happy,No,No,No complaint,Loved the flight.,Middle,Gold,No,No,No,Travel Agency,No,Yes,Yes,Sometimes,Not Applicable,Net Banking,Club Vistara
191,60,Female,Indian,Business,AI239,Air India,First Class,840,Bhubaneswar,Hyderabad,60,0,00:59,Domestic,Good,Good,Poor,Excellent,Excellent,Excellent,Excellent,Poor,Excellent,Unavailable,Yes,Neutral,No,No,No complaint,No valid feedback,Middle,Platinum,No,Yes,Yes,Airport Counter,No,No,No,Sometimes,Not Applicable,Debit Card,Flying Returns (Air India)
192,54,Female,Indian,Leisure,AI790,Air India,First Class,366,Kolkata,Bhubaneswar,0,10,00:26,Domestic,Excellent,Excellent,Good,Poor,Good,Good,Excellent,Excellent,Excellent,No Connection,No,Neutral,Yes,Yes,Food,Complaint details not provided,Window,Silver,No,No,No,Online,No,Yes,Yes,Yes,Not Applicable,UPI,Club Vistara
193,33,Female,Indian,Family,TRU0248,TruJet,First Class,1368,Chennai,Ahmedabad,60,0,01:37,Domestic,Excellent,Excellent,Excellent,Good,Excellent,Excellent,Good,Excellent,Good,Poor,Yes,Happy,No,No,No complaint,No valid feedback,Aisle,Silver,Yes,Yes,Yes,Online,No,Yes,Yes,Sometimes,Bangalore - Hyderabad,Net Banking,Club Vistara
194,19,Female,Indian,Other,AAI0569,AirAsia India,Economy,892,Bhubaneswar,Guwahati,60,20,01:03,Domestic,Excellent,Poor,Excellent,Excellent,Excellent,Excellent,Excellent,Excellent,Excellent,Good,No,Neutral,No,No,No complaint,No valid feedback,Window,Silver,Yes,Yes,Yes,Online,Yes,Yes,No,Sometimes,Delhi - Mumbai,Credit Card,SpiceClub
195,32,Female,Indian,Leisure,VST0248,Vistara,First Class,492,Hyderabad,Bangalore,20,20,00:35,Domestic,Excellent,Excellent,Good,Poor,Excellent,Excellent,Poor,Excellent,Excellent,Good,Yes,Satisfied,Yes,Yes,Other,Food was cold.,Window,Silver,Yes,No,No,Travel Agency,No,No,Yes,Yes,Delhi - Mumbai,Credit Card,Club Vistara
196,24,Female,Indian,Leisure,TRU0225,TruJet,Economy,1683,Hyderabad,Guwahati,10,50,01:59,Domestic,Excellent,Excellent,Excellent,Poor,Excellent,Excellent,Excellent,Excellent,Excellent,Poor,Yes,Dissatisfied,No,No,No complaint,No valid feedback,Aisle,Silver,Yes,No,No,Mobile App,No,No,No,No,Pune - Delhi,Credit Card,Club Vistara
197,36,Female,Indian,Business,IND0925,Indigo,Business,1876,Jaipur,Kochi,30,40,02:12,Domestic,Good,Excellent,Excellent,Excellent,Good,Excellent,Excellent,Excellent,Excellent,No Connection,Yes,Neutral,No,No,No complaint,No valid feedback,Aisle,Platinum,Yes,No,No,Online,Yes,No,Yes,No,Delhi - Mumbai,Credit Card,IndiGo 6E Rewards
198,49,Female,Indian,Leisure,AKA0248,Akasa Air,Business,2427,Kochi,Guwahati,0,30,02:51,Domestic,Good,Excellent,Excellent,Poor,Excellent,Excellent,Excellent,Excellent,Excellent,No Connection,Yes,Happy,No,Yes,Bad Experience,Complaint details not provided,Aisle,Silver,No,No,No,Online,No,No,No,No,Not Applicable,Credit Card,SpiceClub
199,54,Male,Indian,Leisure,TRU0253,TruJet,Business,842,Bangalore,Mumbai,10,20,00:59,Domestic,Excellent,Excellent,Excellent,Poor,Good,Excellent,Excellent,Excellent,Poor,Poor,No,Happy,Maybe,No,No complaint,No valid feedback,Middle,Silver,Yes,Yes,Yes,Online,Yes,Yes,No,No,Delhi - Mumbai,Credit Card,SpiceClub
200,43,Female,Indian,Leisure,AI615,Air India,Economy,842,Bangalore,Mumbai,50,50,00:59,Domestic,Excellent,Excellent,Good,Excellent,Excellent,Poor,Excellent,Good,Excellent,Poor,No,Satisfied,No,No,No complaint,No valid feedback,Middle,Gold,No,No,No,Mobile App,No,Yes,No,Yes,Not Applicable,Credit Card,SpiceClub
201,25,Female,Indian,Leisure,SJ0278,SpiceJet,Economy,2068,Delhi,Kochi,0,0,02:26,Domestic,Excellent,Excellent,Excellent,Excellent,Poor,Poor,Poor,Excellent,Excellent,Poor,No,Happy,Maybe,Yes,Long Security Check,Complaint details not provided,Window,Silver,Yes,No,No,Travel Agency,No,Yes,Yes,Yes,Chennai - Kolkata,Debit Card,Flying Returns (Air India)
202,47,Male,Indian,Family,GOA0248,GoAir,Business,879,Ahmedabad,Hyderabad,50,10,01:02,Domestic,Excellent,Poor,Excellent,Excellent,Excellent,Excellent,Excellent,Excellent,Excellent,Unavailable,Yes,Neutral,No,No,No complaint,No valid feedback,Aisle,Silver,No,Yes,Yes,Airport Counter,Yes,Yes,No,No,Not Applicable,UPI,Club Vistara
203,56,Female,Indian,Leisure,ALN0248,Alliance Air,First Class,1355,Kolkata,Chennai,10,80,01:36,Domestic,Poor,Excellent,Excellent,Poor,Excellent,Poor,Excellent,Excellent,Excellent,No Connection,Yes,Neutral,Yes,No,No complaint,Good,Middle,Silver,Yes,No,No,Travel Agency,No,No,No,Sometimes,Delhi - Mumbai,Debit Card,Club Vistara
204,24,Female,Indian,Leisure,SJ0248,SpiceJet,Business,1194,Lucknow,Mumbai,10,10,01:24,Domestic,Poor,Good,Excellent,Excellent,Good,Poor,Poor,Excellent,Excellent,Unavailable,No,Happy,Yes,Yes,Bad Experience,WiFi was not working.,Middle,Platinum,Yes,Yes,Yes,Travel Agency,No,Yes,No,Yes,Delhi - Mumbai,Debit Card,SpiceClub
205,48,Female,Indian,Leisure,VST0892,Vistara,Business,516,Ahmedabad,Pune,10,40,00:36,Domestic,Excellent,Excellent,Excellent,Excellent,Good,Poor,Excellent,Excellent,Excellent,No Connection,Yes,Dissatisfied,Maybe,No,No complaint,No valid feedback,Middle,Gold,No,Yes,Yes,Travel Agency,No,No,Yes,No,Not Applicable,UPI,Flying Returns (Air India)
206,50,Male,Indian,Business,AI661,Air India,Business,421,Lucknow,Delhi,50,0,00:30,Domestic,Good,Good,Excellent,Excellent,Good,Excellent,Excellent,Excellent,Good,No Connection,No,Dissatisfied,No,No,No complaint,Loved the flight.,Window,Silver,Yes,No,No,Airport Counter,No,Yes,No,Yes,Bangalore - Hyderabad,Credit Card,IndiGo 6E Rewards
207,36,Female,Indian,Other,AAI0248,AirAsia India,First Class,1185,Kolkata,Hyderabad,0,0,01:24,Domestic,Excellent,Excellent,Excellent,Poor,Good,Poor,Poor,Good,Excellent,No Connection,No,Neutral,Maybe,No,No complaint,No valid feedback,Middle,Silver,Yes,No,No,Mobile App,Yes,No,Yes,No,Chennai - Kolkata,Debit Card,Club Vistara
208,50,Female,Indian,Family,GOA0707,GoAir,Business,366,Bhubaneswar,Kolkata,40,0,00:26,Domestic,Excellent,Excellent,Excellent,Good,Excellent,Good,Excellent,Excellent,Excellent,Fair,Yes,Neutral,No,No,No complaint,Good,Aisle,Silver,Yes,No,No,Airport Counter,Yes,No,No,Sometimes,Delhi - Mumbai,Net Banking,Flying Returns (Air India)
209,44,Female,Indian,Leisure,AI729,Air India,Business,1069,Mumbai,Kochi,10,0,01:15,Domestic,Excellent,Excellent,Good,Excellent,Excellent,Excellent,Good,Excellent,Good,No Connection,No,Neutral,Maybe,No,No complaint,No valid feedback,Middle,Platinum,Yes,No,No,Mobile App,No,Yes,No,Yes,Bangalore - Hyderabad,Debit Card,IndiGo 6E Rewards
210,54,Female,Indian,Leisure,GOA0248,GoAir,Economy,1069,Mumbai,Kochi,10,10,01:15,Domestic,Poor,Excellent,Excellent,Good,Excellent,Excellent,Excellent,Excellent,Good,No Connection,No,Neutral,Maybe,No,No complaint,Great service!,Middle,Platinum,Yes,No,No,Mobile App,No,Yes,Yes,Sometimes,Chennai - Kolkata,Net Banking,Club Vistara
211,44,Female,Indian,Other,AI525,Air India,Economy,508,Lucknow,Jaipur,0,0,00:36,Domestic,Excellent,Good,Excellent,Excellent,Excellent,Excellent,Excellent,Excellent,Excellent,Unavailable,No,Happy,Yes,Yes,Bad Experience,No valid feedback,Aisle,Platinum,No,Yes,Yes,Online,No,Yes,No,No,Not Applicable,UPI,Club Vistara
212,57,Female,Indian,Leisure,VST0248,Vistara,Economy,1971,Guwahati,Ahmedabad,30,0,02:19,Domestic,Excellent,Excellent,Excellent,Good,Excellent,Poor,Excellent,Excellent,Excellent,No Connection,Yes,Happy,No,Yes,Food,Bad,Middle,Platinum,No,No,No,Online,Yes,No,Yes,Yes,Not Applicable,UPI,Flying Returns (Air India)
213,43,Female,Indian,Business,SJ0248,SpiceJet,Business,892,Bhubaneswar,Guwahati,10,40,01:03,Domestic,Good,Excellent,Excellent,Excellent,Excellent,Excellent,Excellent,Good,Excellent,Unavailable,Yes,Dissatisfied,No,No,No complaint,Good,Aisle,Gold,No,No,No,Airport Counter,No,Yes,No,No,Not Applicable,UPI,Club Vistara
214,37,Female,Indian,Other,AI0375,Air India,First Class,1260,Bhubaneswar,Jaipur,30,10,01:29,Domestic,Excellent,Excellent,Poor,Excellent,Excellent,Poor,Excellent,Excellent,Poor,Unavailable,Yes,Happy,Yes,No,No complaint,No valid feedback,Middle,Silver,Yes,No,No,Airport Counter,Yes,Yes,Yes,No,Pune - Delhi,UPI,Flying Returns (Air India)
215,37,Female,Indian,Leisure,AKA0289,Akasa Air,First Class,733,Bangalore,Pune,0,20,00:52,Domestic,Excellent,Excellent,Excellent,Excellent,Excellent,Excellent,Excellent,Excellent,Excellent,Unavailable,Yes,Happy,Maybe,No,No complaint,Good,Aisle,Gold,Yes,Yes,Yes,Airport Counter,Yes,No,Yes,No,Pune - Delhi,Debit Card,Flying Returns (Air India)
216,47,Male,Indian,Leisure,AI708,Air India,First Class,1535,Bhubaneswar,Kochi,10,0,01:48,Domestic,Poor,Excellent,Excellent,Excellent,Good,Good,Poor,Excellent,Good,Unavailable,No,Neutral,No,Yes,Other,Complaint details not provided,Aisle,Platinum,Yes,Yes,Yes,Travel Agency,No,No,Yes,Yes,Bangalore - Hyderabad,Credit Card,Club Vistara
217,42,Male,Indian,Other,AKA0248,Akasa Air,Business,1577,Kolkata,Pune,20,40,01:51,Domestic,Excellent,Excellent,Excellent,Good,Poor,Excellent,Excellent,Excellent,Excellent,Unavailable,Yes,Neutral,Maybe,No,No complaint,No valid feedback,Middle,Silver,No,Yes,Yes,Travel Agency,Yes,No,Yes,Sometimes,Not Applicable,UPI,Flying Returns (Air India)
218,49,Female,Indian,Business,TRU0248,TruJet,Business,622,Hyderabad,Mumbai,0,0,00:44,Domestic,Excellent,Excellent,Excellent,Excellent,Good,Poor,Poor,Excellent,Excellent,Unavailable,No,Happy,No,Yes,Bad Experience,Complaint details not provided,Middle,Silver,No,Yes,Yes,Travel Agency,No,Yes,No,Sometimes,Not Applicable,Credit Card,Flying Returns (Air India)
219,60,Male,Indian,Leisure,VST0255,Vistara,Business,1406,Bhubaneswar,Ahmedabad,20,50,01:39,Domestic,Good,Excellent,Good,Good,Good,Poor,Poor,Excellent,Excellent,Unavailable,Yes,Neutral,Yes,Yes,Bad Experience,Complaint details not provided,Aisle,Platinum,Yes,Yes,Yes,Airport Counter,No,Yes,No,No,Delhi - Mumbai,Credit Card,Flying Returns (Air India)
220,31,Female,Indian,Family,GOA0248,GoAir,First Class,1031,Chennai,Mumbai,20,10,01:13,Domestic,Poor,Poor,Excellent,Poor,Excellent,Good,Excellent,Excellent,Poor,No Connection,No,Satisfied,No,Yes,Delay,WiFi was not working.,Middle,Silver,Yes,Yes,Yes,Travel Agency,No,No,Yes,Sometimes,Pune - Delhi,Net Banking,Flying Returns (Air India)
221,40,Female,Indian,Other,AI382,Air India,Business,1169,Pune,Delhi,0,0,01:23,Domestic,Excellent,Excellent,Excellent,Excellent,Excellent,Excellent,Excellent,Good,Poor,Unavailable,No,Satisfied,No,No,No complaint,Loved the flight.,Middle,Gold,No,Yes,Yes,Online,No,No,No,Yes,Not Applicable,UPI,Club Vistara
222,35,Female,Indian,Business,AAI0248,AirAsia India,Business,992,Bhubaneswar,Chennai,10,0,01:10,Domestic,Excellent,Excellent,Excellent,Excellent,Excellent,Excellent,Excellent,Excellent,Excellent,No Connection,Yes,Satisfied,Yes,Yes,Long Security Check,Complaint details not provided,Aisle,Platinum,No,Yes,Yes,Mobile App,Yes,No,Yes,No,Not Applicable,UPI,SpiceClub
223,47,Female,Indian,Leisure,ALN0459,Alliance Air,First Class,1366,Mumbai,Bhubaneswar,10,0,01:36,Domestic,Poor,Excellent,Excellent,Good,Poor,Excellent,Poor,Excellent,Excellent,Unavailable,No,Happy,Yes,No,No complaint,No valid feedback,Aisle,Platinum,No,Yes,Yes,Travel Agency,Yes,Yes,Yes,Sometimes,Not Applicable,Credit Card,Flying Returns (Air India)
224,53,Female,Indian,Other,ALN0934,Alliance Air,First Class,1555,Kolkata,Bangalore,0,10,01:50,Domestic,Excellent,Poor,Excellent,Excellent,Good,Excellent,Excellent,Excellent,Excellent,No Connection,No,Happy,No,No,No complaint,Great service!,Middle,Silver,Yes,No,No,Mobile App,Yes,Yes,Yes,Sometimes,Pune - Delhi,Credit Card,Club Vistara
225,35,Female,Indian,Business,ALN0248,Alliance Air,Economy,2427,Guwahati,Kochi,40,10,02:51,Domestic,Excellent,Poor,Good,Excellent,Excellent,Excellent,Excellent,Excellent,Excellent,No Connection,No,Neutral,No,No,No complaint,No valid feedback,Aisle,Gold,Yes,Yes,Yes,Online,No,No,No,Yes,Delhi - Mumbai,Net Banking,Club Vistara
226,53,Male,Indian,Leisure,VST0248,Vistara,Economy,1600,Jaipur,Chennai,10,10,01:53,Domestic,Excellent,Excellent,Excellent,Excellent,Excellent,Excellent,Excellent,Excellent,Excellent,Unavailable,No,Happy,Maybe,No,No complaint,Good,Aisle,Platinum,Yes,No,No,Travel Agency,No,Yes,Yes,Yes,Delhi - Mumbai,Net Banking,Club Vistara
227,45,Female,Indian,Family,GOA0516,GoAir,Business,1683,Guwahati,Hyderabad,0,0,01:59,Domestic,Excellent,Excellent,Excellent,Excellent,Good,Excellent,Good,Good,Excellent,No Connection,No,Neutral,Maybe,Yes,Delay,Complaint details not provided,Middle,Silver,Yes,No,No,Airport Counter,No,Yes,Yes,No,Pune - Delhi,Net Banking,Flying Returns (Air India)
228,49,Female,Indian,Other,TRU0663,TruJet,Economy,2093,Guwahati,Mumbai,20,20,02:28,Domestic,Excellent,Excellent,Excellent,Poor,Poor,Excellent,Good,Excellent,Good,Poor,Yes,Satisfied,Maybe,No,No complaint,No valid feedback,Aisle,Silver,Yes,No,No,Online,Yes,Yes,No,Sometimes,Chennai - Kolkata,UPI,Club Vistara
229,28,Male,Indian,Leisure,SJ0248,SpiceJet,Economy,884,Bhubaneswar,Lucknow,40,40,01:02,Domestic,Good,Poor,Excellent,Excellent,Excellent,Excellent,Excellent,Poor,Excellent,Unavailable,Yes,Happy,Maybe,No,No complaint,No valid feedback,Middle,Silver,Yes,Yes,Yes,Airport Counter,No,Yes,No,Yes,Bangalore - Hyderabad,Debit Card,Club Vistara
230,57,Female,Indian,Business,AI276,Air India,Business,1555,Bangalore,Kolkata,60,0,01:50,Domestic,Excellent,Excellent,Good,Excellent,Good,Excellent,Poor,Excellent,Excellent,Excellent,No,Happy,Yes,No,No complaint,No valid feedback,Window,Silver,No,Yes,Yes,Mobile App,No,Yes,Yes,Sometimes,Not Applicable,Credit Card,Club Vistara
231,43,Female,Indian,Other,AI0248,Air India,First Class,1658,Mumbai,Kolkata,60,30,01:57,Domestic,Excellent,Excellent,Excellent,Excellent,Excellent,Excellent,Excellent,Excellent,Excellent,No Connection,Yes,Neutral,No,No,No complaint,No valid feedback,Middle,Gold,Yes,No,No,Airport Counter,No,Yes,No,Sometimes,Delhi - Mumbai,Credit Card,Club Vistara
232,44,Male,Indian,Leisure,AKA0248,Akasa Air,Economy,1031,Chennai,Mumbai,90,20,01:13,Domestic,Excellent,Excellent,Excellent,Poor,Excellent,Excellent,Excellent,Excellent,Excellent,No Connection,Yes,Satisfied,No,No,No complaint,Loved the flight.,Window,Gold,Yes,No,No,Travel Agency,No,No,Yes,No,Chennai - Kolkata,UPI,Flying Returns (Air India)
233,52,Female,Indian,Other,AAI0248,AirAsia India,First Class,981,Kochi,Pune,10,10,01:09,Domestic,Good,Excellent,Good,Excellent,Poor,Excellent,Excellent,Poor,Excellent,Poor,No,Neutral,No,No,No complaint,No valid feedback,Middle,Gold,Yes,No,No,Airport Counter,No,Yes,Yes,Sometimes,Bangalore - Hyderabad,Credit Card,SpiceClub
234,41,Female,Indian,Other,AI928,Air India,First Class,921,Mumbai,Jaipur,0,10,01:05,Domestic,Excellent,Excellent,Poor,Excellent,Excellent,Poor,Poor,Excellent,Excellent,Unavailable,Yes,Happy,Yes,No,No complaint,Loved the flight.,Middle,Gold,No,Yes,Yes,Travel Agency,No,Yes,No,Sometimes,Not Applicable,Debit Card,Club Vistara
235,28,Female,Indian,Family,GOA0248,GoAir,Economy,921,Jaipur,Mumbai,0,20,01:05,Domestic,Excellent,Excellent,Excellent,Poor,Excellent,Excellent,Excellent,Poor,Excellent,No Connection,Yes,Dissatisfied,No,No,No complaint,No valid feedback,Aisle,Silver,Yes,No,No,Online,Yes,No,Yes,Yes,Delhi - Mumbai,UPI,IndiGo 6E Rewards
236,67,Female,Indian,Family,AI866,Air India,First Class,1355,Chennai,Kolkata,40,0,01:36,Domestic,Excellent,Excellent,Excellent,Excellent,Excellent,Excellent,Good,Excellent,Excellent,No Connection,No,Neutral,Maybe,Yes,Broken Entertainment System,Complaint details not provided,Middle,Platinum,Yes,No,No,Airport Counter,Yes,No,Yes,No,Bangalore - Hyderabad,Credit Card,IndiGo 6E Rewards
237,36,Female,Indian,Business,GOA0733,GoAir,Business,541,Ahmedabad,Jaipur,20,0,00:38,Domestic,Excellent,Excellent,Excellent,Good,Excellent,Poor,Excellent,Excellent,Excellent,Unavailable,Yes,Happy,Yes,No,No complaint,No valid feedback,Window,Silver,No,No,No,Airport Counter,No,Yes,No,No,Not Applicable,Net Banking,IndiGo 6E Rewards
238,44,Female,Indian,Leisure,IND0138,Indigo,First Class,440,Mumbai,Ahmedabad,0,0,00:31,Domestic,Poor,Excellent,Excellent,Excellent,Excellent,Excellent,Excellent,Good,Excellent,Poor,No,Satisfied,Yes,No,No complaint,Great service!,Middle,Silver,Yes,Yes,Yes,Mobile App,Yes,No,No,No,Delhi - Mumbai,Debit Card,Flying Returns (Air India)
239,43,Female,Indian,Leisure,AI851,Air India,Economy,1931,Kochi,Lucknow,10,20,02:16,Domestic,Excellent,Good,Excellent,Excellent,Good,Excellent,Excellent,Good,Excellent,No Connection,Yes,Neutral,Yes,Yes,Delay,Complaint details not provided,Aisle,Platinum,Yes,Yes,Yes,Online,No,Yes,No,Sometimes,Pune - Delhi,Net Banking,IndiGo 6E Rewards
240,29,Female,Indian,Business,GOA0248,GoAir,First Class,733,Bangalore,Pune,0,0,00:52,Domestic,Excellent,Excellent,Good,Excellent,Excellent,Excellent,Good,Excellent,Excellent,No Connection,Yes,Happy,Yes,Yes,Unhygienic Toilets,Food was cold.,Middle,Silver,Yes,No,No,Travel Agency,Yes,No,No,No,Delhi - Mumbai,UPI,Club Vistara
241,40,Female,Indian,Business,ALN0534,Alliance Air,First Class,1355,Chennai,Kolkata,10,10,01:36,Domestic,Poor,Excellent,Excellent,Excellent,Excellent,Excellent,Excellent,Excellent,Excellent,No Connection,No,Satisfied,No,No,No complaint,Good,Middle,Platinum,Yes,No,No,Online,No,Yes,No,Yes,Delhi - Mumbai,UPI,Club Vistara
242,54,Female,Indian,Leisure,TRU0564,TruJet,First Class,1080,Lucknow,Hyderabad,10,20,01:16,Domestic,Poor,Excellent,Poor,Excellent,Excellent,Excellent,Good,Excellent,Good,Poor,No,Neutral,No,No,No complaint,Great service!,Aisle,Silver,Yes,No,No,Mobile App,No,Yes,No,No,Pune - Delhi,Credit Card,Club Vistara
243,42,Female,Indian,Leisure,IND0811,Indigo,Business,558,Chennai,Kochi,70,20,00:39,Domestic,Poor,Excellent,Poor,Excellent,Excellent,Good,Excellent,Excellent,Excellent,No Connection,Yes,Satisfied,No,No,No complaint,Good,Middle,Platinum,No,No,No,Travel Agency,Yes,Yes,Yes,Sometimes,Not Applicable,UPI,Club Vistara
244,55,Female,Indian,Leisure,TRU0393,TruJet,Business,884,Lucknow,Bhubaneswar,10,10,01:02,Domestic,Poor,Excellent,Excellent,Excellent,Poor,Excellent,Poor,Excellent,Good,No Connection,Yes,Happy,No,No,No complaint,Great service!,Window,Silver,Yes,No,No,Mobile App,Yes,No,No,Yes,Bangalore - Hyderabad,Net Banking,IndiGo 6E Rewards
245,43,Female,Indian,Leisure,IND0274,Indigo,Economy,366,Bangalore,Kochi,0,0,00:26,Domestic,Good,Excellent,Poor,Excellent,Excellent,Poor,Poor,Poor,Excellent,No Connection,Yes,Neutral,No,No,No complaint,No valid feedback,Window,Silver,Yes,Yes,Yes,Travel Agency,Yes,No,No,No,Delhi - Mumbai,Credit Card,Club Vistara
246,53,Female,Indian,Leisure,AI166,Air India,First Class,1147,Mumbai,Delhi,20,50,01:21,Domestic,Excellent,Excellent,Excellent,Excellent,Excellent,Excellent,Poor,Good,Excellent,Unavailable,No,Satisfied,No,No,No complaint,No valid feedback,Middle,Silver,Yes,Yes,Yes,Online,Yes,Yes,No,Sometimes,Chennai - Kolkata,UPI,IndiGo 6E Rewards
247,41,Male,Indian,Family,TRU0976,TruJet,First Class,527,Guwahati,Kolkata,50,0,00:37,Domestic,Excellent,Excellent,Good,Excellent,Good,Poor,Excellent,Poor,Good,No Connection,No,Dissatisfied,No,No,No complaint,No valid feedback,Middle,Gold,Yes,Yes,Yes,Mobile App,No,Yes,Yes,Sometimes,Chennai - Kolkata,Net Banking,SpiceClub
248,45,Female,Indian,Leisure,AI825,Air India,Business,884,Bhubaneswar,Lucknow,0,10,01:02,Domestic,Good,Excellent,Excellent,Excellent,Excellent,Excellent,Excellent,Excellent,Poor,Unavailable,Yes,Dissatisfied,Maybe,No,No complaint,No valid feedback,Middle,Silver,No,Yes,Yes,Airport Counter,No,Yes,Yes,No,Not Applicable,UPI,SpiceClub
249,51,Female,Indian,Leisure,AI231,Air India,Business,1276,Bhubaneswar,Delhi,20,10,01:30,Domestic,Excellent,Excellent,Excellent,Excellent,Poor,Good,Excellent,Poor,Excellent,Unavailable,Yes,Happy,Maybe,Yes,Bad Experience,Complaint details not provided,Middle,Silver,Yes,No,No,Travel Agency,Yes,Yes,No,Sometimes,Chennai - Kolkata,Debit Card,Club Vistara
250,31,Female,Indian,Family,ALN0998,Alliance Air,Business,1535,Kochi,Bhubaneswar,20,0,01:48,Domestic,Good,Excellent,Excellent,Excellent,Excellent,Excellent,Excellent,Poor,Good,Unavailable,Yes,Happy,Maybe,No,No complaint,Loved the flight.,Middle,Gold,Yes,Yes,Yes,Online,No,Yes,Yes,Yes,Delhi - Mumbai,Debit Card,Club Vistara
251,56,Female,Indian,Business,AI398,Air India,Economy,840,Bhubaneswar,Hyderabad,0,0,00:59,Domestic,Good,Excellent,Excellent,Poor,Excellent,Good,Excellent,Excellent,Excellent,Unavailable,Yes,Satisfied,No,No,No complaint,No valid feedback,Aisle,Gold,Yes,No,No,Airport Counter,Yes,Yes,No,No,Pune - Delhi,Debit Card,Flying Returns (Air India)
252,36,Female,Indian,Leisure,AI154,Air India,First Class,1081,Guwahati,Lucknow,10,0,01:16,Domestic,Good,Excellent,Good,Excellent,Excellent,Excellent,Good,Poor,Excellent,Unavailable,No,Neutral,Maybe,No,No complaint,Great service!,Aisle,Platinum,Yes,No,No,Online,Yes,Yes,Yes,Sometimes,Pune - Delhi,UPI,Club Vistara
253,41,Male,Indian,Leisure,ALN0248,Alliance Air,First Class,1355,Chennai,Kolkata,10,20,01:36,Domestic,Excellent,Excellent,Excellent,Poor,Good,Excellent,Poor,Excellent,Excellent,Unavailable,Yes,Neutral,No,No,No complaint,Good,Window,Silver,Yes,No,No,Online,No,No,Yes,No,Delhi - Mumbai,Debit Card,Club Vistara
254,41,Male,Indian,Leisure,ALN0248,Alliance Air,First Class,366,Kolkata,Bhubaneswar,60,10,00:26,Domestic,Excellent,Excellent,Excellent,Excellent,Excellent,Excellent,Excellent,Excellent,Good,No Connection,Yes,Satisfied,Yes,Yes,Broken Entertainment System,Bad,Aisle,Silver,Yes,Yes,Yes,Online,No,No,Yes,No,Bangalore - Hyderabad,Net Banking,SpiceClub
255,37,Female,Indian,Business,AI0934,Air India,Economy,1255,Delhi,Hyderabad,50,10,01:29,Domestic,Excellent,Excellent,Excellent,Excellent,Excellent,Excellent,Excellent,Excellent,Excellent,Good,No,Satisfied,Yes,No,No complaint,No valid feedback,Middle,Silver,No,Yes,Yes,Airport Counter,No,No,Yes,Yes,Not Applicable,UPI,Flying Returns (Air India)
256,19,Female,Indian,Leisure,AI519,Air India,First Class,1080,Lucknow,Hyderabad,0,60,01:16,Domestic,Excellent,Excellent,Poor,Poor,Excellent,Excellent,Poor,Excellent,Poor,Poor,No,Happy,No,No,No complaint,Good,Aisle,Silver,No,Yes,Yes,Travel Agency,No,Yes,Yes,No,Not Applicable,Credit Card,Club Vistara
257,36,Male,Indian,Family,AAI0248,AirAsia India,Business,366,Bangalore,Kochi,50,0,00:26,Domestic,Poor,Excellent,Good,Excellent,Good,Excellent,Excellent,Excellent,Excellent,Poor,Yes,Neutral,No,No,No complaint,No valid feedback,Window,Gold,No,Yes,Yes,Mobile App,No,Yes,No,Yes,Not Applicable,Net Banking,IndiGo 6E Rewards
258,55,Female,Indian,Leisure,AKA0248,Akasa Air,Economy,366,Kochi,Bangalore,20,30,00:26,Domestic,Poor,Excellent,Excellent,Excellent,Good,Poor,Excellent,Excellent,Excellent,Unavailable,No,Dissatisfied,Maybe,Yes,Food,Food was cold.,Middle,Platinum,No,Yes,Yes,Online,No,No,Yes,Sometimes,Not Applicable,Debit Card,Club Vistara
259,51,Female,Indian,Leisure,IND0183,Indigo,Business,773,Ahmedabad,Delhi,0,20,00:55,Domestic,Excellent,Excellent,Good,Poor,Excellent,Excellent,Excellent,Good,Excellent,Unavailable,No,Dissatisfied,Yes,Yes,Long Security Check,WiFi was not working.,Aisle,Silver,No,Yes,Yes,Airport Counter,Yes,Yes,Yes,Yes,Not Applicable,UPI,Club Vistara
260,56,Female,Indian,Leisure,AI0411,Air India,First Class,508,Lucknow,Jaipur,30,0,00:36,Domestic,Excellent,Excellent,Excellent,Excellent,Excellent,Excellent,Excellent,Poor,Excellent,Unavailable,No,Dissatisfied,No,No,No complaint,No valid feedback,Middle,Silver,Yes,No,No,Travel Agency,No,No,No,Yes,Chennai - Kolkata,Net Banking,SpiceClub
261,34,Female,Indian,Family,GOA0248,GoAir,Economy,879,Ahmedabad,Hyderabad,10,40,01:02,Domestic,Excellent,Excellent,Excellent,Good,Excellent,Excellent,Excellent,Excellent,Excellent,Unavailable,No,Happy,No,No,No complaint,Good,Middle,Silver,Yes,Yes,Yes,Online,No,No,No,Sometimes,Chennai - Kolkata,Net Banking,Club Vistara
262,37,Female,Indian,Other,IND0248,Indigo,Business,1406,Ahmedabad,Bhubaneswar,80,40,01:39,Domestic,Excellent,Excellent,Excellent,Good,Excellent,Excellent,Excellent,Excellent,Excellent,Poor,Yes,Dissatisfied,Yes,No,No complaint,No valid feedback,Window,Silver,Yes,No,No,Travel Agency,No,Yes,No,No,Delhi - Mumbai,Net Banking,IndiGo 6E Rewards
263,32,Female,Indian,Other,AI170,Air India,Business,492,Hyderabad,Bangalore,20,20,00:35,Domestic,Excellent,Excellent,Poor,Excellent,Excellent,Excellent,Excellent,Excellent,Good,Unavailable,No,Neutral,Yes,No,No complaint,Loved the flight.,Window,Silver,Yes,Yes,Yes,Airport Counter,Yes,Yes,No,Yes,Delhi - Mumbai,Net Banking,Club Vistara
264,51,Female,Indian,Other,VST0248,Vistara,Economy,951,Pune,Jaipur,20,50,01:07,Domestic,Excellent,Excellent,Excellent,Excellent,Poor,Excellent,Excellent,Poor,Good,No Connection,Yes,Satisfied,No,No,No complaint,No valid feedback,Window,Silver,Yes,No,No,Mobile App,No,Yes,Yes,Yes,Delhi - Mumbai,UPI,Flying Returns (Air India)
265,69,Female,Indian,Family,IND0446,Indigo,Economy,944,Ahmedabad,Lucknow,10,30,01:07,Domestic,Excellent,Excellent,Excellent,Excellent,Excellent,Excellent,Excellent,Excellent,Excellent,Poor,No,Satisfied,Yes,No,No complaint,Good,Middle,Platinum,Yes,No,No,Online,No,No,No,Yes,Bangalore - Hyderabad,Net Banking,Club Vistara
266,38,Male,Indian,Leisure,AI636,Air India,First Class,1189,Bhubaneswar,Bangalore,10,20,01:24,Domestic,Excellent,Poor,Excellent,Excellent,Excellent,Excellent,Excellent,Good,Excellent,Unavailable,No,Neutral,No,No,No complaint,Loved the flight.,Aisle,Gold,Yes,No,No,Travel Agency,Yes,Yes,Yes,No,Chennai - Kolkata,UPI,Flying Returns (Air India)
267,50,Female,Indian,Family,GOA0248,GoAir,First Class,440,Mumbai,Ahmedabad,40,20,00:31,Domestic,Excellent,Excellent,Excellent,Excellent,Excellent,Excellent,Poor,Poor,Poor,No Connection,No,Happy,No,Yes,Service,Complaint details not provided,Aisle,Gold,No,No,No,Online,No,No,Yes,Yes,Not Applicable,Debit Card,Club Vistara
268,33,Female,Indian,Leisure,AI651,Air India,Economy,1189,Bangalore,Bhubaneswar,0,30,01:24,Domestic,Excellent,Good,Poor,Excellent,Poor,Good,Excellent,Excellent,Excellent,Unavailable,Yes,Satisfied,No,No,No complaint,No valid feedback,Middle,Platinum,No,Yes,Yes,Travel Agency,No,Yes,Yes,Sometimes,Not Applicable,UPI,SpiceClub
269,48,Female,Indian,Leisure,GOA0619,GoAir,Business,992,Bhubaneswar,Chennai,60,0,01:10,Domestic,Good,Good,Excellent,Poor,Good,Excellent,Excellent,Poor,Excellent,Unavailable,No,Neutral,No,No,No complaint,No valid feedback,Middle,Platinum,Yes,No,No,Travel Agency,No,No,Yes,No,Delhi - Mumbai,Net Banking,Flying Returns (Air India)
270,30,Male,Indian,Business,SJ0804,SpiceJet,Economy,1276,Bhubaneswar,Delhi,50,20,01:30,Domestic,Poor,Excellent,Excellent,Excellent,Excellent,Excellent,Excellent,Excellent,Excellent,Excellent,No,Dissatisfied,Yes,No,No complaint,No valid feedback,Middle,Silver,No,Yes,Yes,Mobile App,Yes,Yes,Yes,No,Not Applicable,Debit Card,Club Vistara
271,33,Male,Indian,Family,TRU0519,TruJet,Business,527,Kolkata,Guwahati,10,50,00:37,Domestic,Excellent,Excellent,Excellent,Excellent,Excellent,Excellent,Excellent,Excellent,Excellent,Unavailable,Yes,Neutral,No,No,No complaint,No valid feedback,Window,Platinum,No,Yes,Yes,Online,No,Yes,Yes,Sometimes,Not Applicable,UPI,Flying Returns (Air India)
272,32,Female,Indian,Family,AI412,Air India,Economy,1621,Kolkata,Ahmedabad,10,30,01:54,Domestic,Excellent,Good,Excellent,Excellent,Excellent,Excellent,Good,Poor,Excellent,No Connection,No,Happy,Yes,Yes,Turbulence,Complaint details not provided,Aisle,Platinum,No,No,No,Airport Counter,Yes,No,No,No,Not Applicable,Debit Card,SpiceClub
273,45,Female,Indian,Other,AI677,Air India,Business,2093,Guwahati,Mumbai,0,90,02:28,Domestic,Good,Excellent,Excellent,Excellent,Excellent,Excellent,Excellent,Excellent,Excellent,No Connection,No,Neutral,Yes,No,No complaint,No valid feedback,Window,Silver,No,Yes,Yes,Online,Yes,No,Yes,Yes,Not Applicable,Credit Card,IndiGo 6E Rewards
274,37,Female,Indian,Leisure,AI704,Air India,Economy,508,Lucknow,Jaipur,20,0,00:36,Domestic,Good,Excellent,Excellent,Excellent,Poor,Excellent,Poor,Excellent,Poor,Unavailable,Yes,Satisfied,No,No,No complaint,No valid feedback,Middle,Silver,Yes,Yes,Yes,Airport Counter,Yes,No,Yes,Sometimes,Chennai - Kolkata,UPI,Club Vistara
275,52,Male,Indian,Leisure,AI318,Air India,First Class,1535,Kochi,Bhubaneswar,0,80,01:48,Domestic,Excellent,Excellent,Excellent,Excellent,Excellent,Good,Excellent,Excellent,Good,No Connection,Yes,Dissatisfied,Yes,Yes,Unhygienic Toilets,Complaint details not provided,Middle,Silver,Yes,Yes,Yes,Travel Agency,Yes,Yes,No,No,Delhi - Mumbai,UPI,Flying Returns (Air India)
276,31,Female,Indian,Leisure,AAI0334,AirAsia India,Economy,541,Ahmedabad,Jaipur,0,10,00:38,Domestic,Excellent,Excellent,Excellent,Excellent,Excellent,Excellent,Excellent,Excellent,Excellent,Good,Yes,Happy,Maybe,No,No complaint,Good,Middle,Silver,No,No,No,Travel Agency,No,No,Yes,Yes,Not Applicable,Credit Card,IndiGo 6E Rewards
277,57,Female,Indian,Other,VST0248,Vistara,First Class,1255,Delhi,Hyderabad,0,10,01:29,Domestic,Excellent,Excellent,Excellent,Excellent,Excellent,Excellent,Excellent,Excellent,Excellent,Unavailable,Yes,Neutral,Maybe,No,No complaint,Good,Middle,Platinum,Yes,Yes,Yes,Mobile App,Yes,No,Yes,Sometimes,Bangalore - Hyderabad,UPI,Club Vistara
278,36,Male,Indian,Family,AAI0897,AirAsia India,Business,1031,Mumbai,Chennai,10,10,01:13,Domestic,Excellent,Excellent,Good,Excellent,Excellent,Excellent,Excellent,Poor,Excellent,Unavailable,Yes,Dissatisfied,No,No,No complaint,Good,Middle,Platinum,No,Yes,Yes,Online,No,No,Yes,Sometimes,Not Applicable,Net Banking,Club Vistara
279,28,Male,Indian,Leisure,AAI0248,AirAsia India,Economy,1683,Guwahati,Hyderabad,10,10,01:59,Domestic,Excellent,Excellent,Excellent,Excellent,Excellent,Good,Excellent,Good,Poor,Good,No,Happy,No,No,No complaint,Loved the flight.,Aisle,Silver,No,No,No,Mobile App,Yes,No,No,Sometimes,Not Applicable,Credit Card,SpiceClub
280,58,Female,Indian,Family,AI0366,Air India,First Class,541,Ahmedabad,Jaipur,30,20,00:38,Domestic,Good,Excellent,Excellent,Poor,Good,Poor,Excellent,Poor,Excellent,Unavailable,Yes,Dissatisfied,No,Yes,Unhygienic Toilets,Bad,Aisle,Silver,No,No,No,Travel Agency,Yes,Yes,No,No,Not Applicable,UPI,Flying Returns (Air India)
281,24,Male,Indian,Leisure,AI273,Air India,First Class,1093,Jaipur,Hyderabad,20,20,01:17,Domestic,Excellent,Excellent,Excellent,Excellent,Excellent,Excellent,Excellent,Excellent,Excellent,Unavailable,Yes,Satisfied,Yes,No,No complaint,No valid feedback,Aisle,Platinum,No,Yes,Yes,Online,No,Yes,Yes,Sometimes,Not Applicable,Credit Card,IndiGo 6E Rewards
282,36,Female,Indian,Leisure,SJ0248,SpiceJet,Economy,1366,Mumbai,Bhubaneswar,10,20,01:36,Domestic,Excellent,Excellent,Excellent,Excellent,Excellent,Excellent,Poor,Excellent,Excellent,Unavailable,No,Dissatisfied,Yes,No,No complaint,No valid feedback,Middle,Platinum,Yes,No,No,Travel Agency,No,Yes,No,Sometimes,Chennai - Kolkata,Debit Card,Club Vistara
283,38,Female,Indian,Family,SJ0310,SpiceJet,Economy,287,Bangalore,Chennai,0,0,00:20,Domestic,Excellent,Poor,Poor,Excellent,Excellent,Excellent,Excellent,Excellent,Good,Unavailable,Yes,Neutral,No,No,No complaint,Loved the flight.,Middle,Silver,Yes,Yes,Yes,Travel Agency,No,Yes,Yes,Sometimes,Pune - Delhi,Credit Card,IndiGo 6E Rewards
284,52,Female,Indian,Leisure,VST0879,Vistara,Economy,1600,Jaipur,Chennai,0,0,01:53,Domestic,Excellent,Good,Excellent,Poor,Excellent,Excellent,Excellent,Excellent,Poor,Unavailable,Yes,Neutral,No,No,No complaint,Great service!,Middle,Gold,Yes,No,No,Travel Agency,Yes,No,No,Sometimes,Delhi - Mumbai,Debit Card,SpiceClub
285,53,Female,Indian,Leisure,IND0134,Indigo,First Class,1621,Ahmedabad,Kolkata,0,0,01:54,Domestic,Excellent,Poor,Good,Poor,Poor,Excellent,Excellent,Excellent,Excellent,No Connection,Yes,Happy,Maybe,No,No complaint,No valid feedback,Middle,Silver,Yes,No,No,Online,No,No,No,Yes,Delhi - Mumbai,Credit Card,Flying Returns (Air India)
286,50,Male,Indian,Other,AKA0981,Akasa Air,First Class,1081,Lucknow,Guwahati,0,0,01:16,Domestic,Excellent,Good,Good,Excellent,Excellent,Excellent,Poor,Excellent,Excellent,Unavailable,Yes,Neutral,No,Yes,Broken Entertainment System,Bad,Window,Silver,Yes,No,No,Travel Agency,No,No,Yes,Sometimes,Bangalore - Hyderabad,Credit Card,Club Vistara
287,34,Female,Indian,Leisure,AAI0909,AirAsia India,First Class,1406,Ahmedabad,Bhubaneswar,40,20,01:39,Domestic,Good,Good,Excellent,Excellent,Excellent,Excellent,Excellent,Excellent,Poor,Good,Yes,Neutral,No,Yes,Other,Food was cold.,Middle,Silver,Yes,No,No,Airport Counter,No,Yes,Yes,No,Chennai - Kolkata,Net Banking,IndiGo 6E Rewards
288,42,Female,Indian,Other,AKA0248,Akasa Air,Business,287,Chennai,Bangalore,40,20,00:20,Domestic,Excellent,Excellent,Excellent,Excellent,Excellent,Good,Good,Excellent,Good,Unavailable,No,Neutral,No,No,No complaint,No valid feedback,Middle,Gold,Yes,Yes,Yes,Travel Agency,Yes,No,Yes,Yes,Delhi - Mumbai,UPI,IndiGo 6E Rewards
289,59,Female,Indian,Other,ALN0248,Alliance Air,Business,981,Kochi,Pune,50,10,01:09,Domestic,Excellent,Excellent,Excellent,Excellent,Excellent,Excellent,Poor,Excellent,Excellent,No Connection,No,Dissatisfied,Maybe,Yes,Unhygienic Toilets,Terrible experience.,Window,Silver,No,Yes,Yes,Airport Counter,No,No,Yes,Sometimes,Not Applicable,Credit Card,Club Vistara
290,37,Female,Indian,Leisure,AAI0852,AirAsia India,Economy,1876,Kochi,Jaipur,10,0,02:12,Domestic,Good,Poor,Poor,Excellent,Excellent,Excellent,Excellent,Excellent,Excellent,Unavailable,No,Neutral,No,No,No complaint,No valid feedback,Aisle,Gold,Yes,No,No,Airport Counter,No,No,Yes,No,Delhi - Mumbai,Debit Card,SpiceClub
291,50,Female,Indian,Family,TRU0433,TruJet,First Class,1406,Ahmedabad,Bhubaneswar,0,0,01:39,Domestic,Good,Good,Excellent,Good,Excellent,Poor,Excellent,Good,Excellent,Excellent,Yes,Dissatisfied,No,No,No complaint,No valid feedback,Middle,Silver,No,No,No,Airport Counter,No,Yes,Yes,Sometimes,Not Applicable,Net Banking,Club Vistara
292,37,Female,Indian,Leisure,AI0248,Air India,Business,1589,Jaipur,Guwahati,10,0,01:52,Domestic,Poor,Excellent,Good,Good,Good,Poor,Excellent,Excellent,Excellent,Unavailable,No,Satisfied,No,Yes,Other,Complaint details not provided,Middle,Silver,Yes,No,No,Mobile App,No,Yes,Yes,Yes,Chennai - Kolkata,Credit Card,SpiceClub
293,57,Female,Indian,Business,AI0248,Air India,Economy,1147,Delhi,Mumbai,10,10,01:21,Domestic,Excellent,Excellent,Excellent,Excellent,Excellent,Excellent,Excellent,Excellent,Good,Unavailable,No,Happy,No,No,No complaint,No valid feedback,Window,Silver,No,No,No,Online,No,Yes,Yes,No,Not Applicable,Credit Card,IndiGo 6E Rewards
294,36,Female,Indian,Family,SJ0506,SpiceJet,Economy,1882,Chennai,Guwahati,0,60,02:13,Domestic,Excellent,Excellent,Excellent,Excellent,Excellent,Poor,Excellent,Poor,Excellent,Unavailable,No,Satisfied,Maybe,No,No complaint,No valid feedback,Window,Silver,Yes,Yes,Yes,Mobile App,No,No,Yes,Yes,Bangalore - Hyderabad,Credit Card,Club Vistara
295,33,Female,Indian,Other,VST0248,Vistara,First Class,1683,Hyderabad,Guwahati,20,30,01:59,Domestic,Excellent,Excellent,Good,Poor,Excellent,Excellent,Excellent,Good,Excellent,Unavailable,Yes,Neutral,No,No,No complaint,Good,Middle,Silver,Yes,No,No,Mobile App,Yes,Yes,Yes,Sometimes,Pune - Delhi,UPI,SpiceClub
296,31,Female,Indian,Business,AI950,Air India,Business,2093,Mumbai,Guwahati,40,0,02:28,Domestic,Excellent,Excellent,Excellent,Excellent,Excellent,Excellent,Poor,Good,Good,No Connection,No,Happy,Yes,No,No complaint,Good,Middle,Platinum,No,Yes,Yes,Mobile App,Yes,Yes,No,Sometimes,Not Applicable,Net Banking,IndiGo 6E Rewards
297,42,Female,Indian,Family,AI406,Air India,First Class,2427,Kochi,Guwahati,0,0,02:51,Domestic,Good,Good,Good,Excellent,Excellent,Excellent,Good,Excellent,Excellent,No Connection,Yes,Dissatisfied,No,No,No complaint,No valid feedback,Middle,Silver,No,Yes,Yes,Online,Yes,Yes,Yes,No,Not Applicable,Net Banking,SpiceClub
298,53,Female,Indian,Other,AI986,Air India,Economy,921,Mumbai,Jaipur,10,0,01:05,Domestic,Excellent,Excellent,Excellent,Excellent,Good,Excellent,Poor,Excellent,Excellent,Unavailable,No,Neutral,No,No,No complaint,No valid feedback,Aisle,Platinum,Yes,No,No,Airport Counter,No,No,No,Sometimes,Chennai - Kolkata,Net Banking,Flying Returns (Air India)
299,34,Male,Indian,Family,ALN0844,Alliance Air,First Class,622,Mumbai,Hyderabad,10,30,00:44,Domestic,Excellent,Excellent,Poor,Excellent,Good,Good,Excellent,Excellent,Poor,No Connection,Yes,Neutral,Maybe,Yes,Turbulence,No valid feedback,Aisle,Gold,No,Yes,Yes,Airport Counter,No,No,Yes,No,Not Applicable,Net Banking,Club Vistara
300,38,Female,Indian,Other,AI388,Air India,First Class,492,Bangalore,Hyderabad,20,30,00:35,Domestic,Excellent,Excellent,Good,Good,Good,Excellent,Excellent,Excellent,Excellent,Fair,Yes,Neutral,No,No,No complaint,Good,Middle,Silver,Yes,Yes,Yes,Mobile App,No,No,Yes,No,Pune - Delhi,Debit Card,IndiGo 6E Rewards
